;;;;;;;;;;;;;;
AGENCIA NACIONAL DE HIDROCARBUROS;;;;;;;;;;;;;;
VICEPRESIDENCIA DE OPERACIONES, REGALIAS Y PARTICIPACIONES;;;;;;;;;;;;;;
PRODUCCION FISCALIZADA DE PETROLEO POR CAMPO (BARRILES POR DIA CALENDARIO - BPDC);;;;;;;;;;;;;;
enero-octubre de 2025;;;;;;;;;;;;;;
;;;;;;;;;;;;;;
*Cifras de producción declarada por el operador y fiscalizada mediante las formas de producción (Cuadro-4 y Forma 30 del Ministerio de Minas y Energía).;;;;;;;;;;;;;;
*Las cifras corresponden a producción fiscalizada y no descuentan consumos operacionales o quemas, por lo cual no pueden tomarse como base de cálculo para la liquidación de regalías.;;;;;;;;;;;;;;
*Los valores mostrados pueden estar sujetos a correcciones, actualizaciones y/o modificaciones.;;;;;;;;;;;;;;
"*Para efectos de este reporte Para efectos de este reporte el campo Bacano se encuentra asociado al departamento Casanare y al municipio Villanueva; el campo Arauca se encuentra asociado al departamento Arauca y al municipio Saravena; el campo Barnett se encuentra asociado al departamento Casanare y al municipio Villanueva; el campo Candalay se encuentra asociado al departamento Casanare y al municipio Orocue; el campo Gibraltar se encuentra asociado al departamento Boyacá y al municipio Cubará; el campo Rumba se encuentra asociado al departamento Casanare y municipio Aguazul; el campo Terecay se encuentra asociado al departamento Arauca y al municipio Arauquita; el campo Tibú se encuentra asociado al departamento Norte de Santander y municipio Tibú. ";;;;;;;;;;;;;;
Departamento;Municipio;Operadora;Campo;Contrato; enero ; febrero ; marzo ; abril ; mayo ; junio ; julio ; agosto ; septiembre ; octubre 
TOLIMA;ESPINAL;ECOPETROL S.A.;ABANICO;ABANICO; 370.77 ; 329.59 ; 364.21 ; 362.38 ; 334.40 ; 229.01 ; 327.78 ; 316.61 ; 288.19 ; 277.69 
BOYACA;PUERTO BOYACA;ECOPETROL S.A.;ABARCO;NARE; 1,934.38 ; 1,816.22 ; 1,759.29 ; 1,842.55 ; 1,839.16 ; 1,784.19 ; 1,721.54 ; 1,331.89 ; - ; - 
CASANARE;PAZ DE ARIPORO;PERENCO COLOMBIA LIMITED;ABEJAS;ESTERO; 1,977.93 ; 1,948.82 ; 1,792.55 ; 1,600.24 ; 1,613.26 ; 1,608.76 ; 1,173.40 ; 1,128.53 ; 2,543.94 ; 2,812.20 
PUTUMAYO;SAN MIGUEL;ECOPETROL S.A.;ACAE SAN MIGUEL;AREA SUR; 365.37 ; 382.82 ; 570.62 ; 633.53 ; 860.30 ; 820.32 ; 751.44 ; 586.53 ; 763.91 ; 717.90 
CESAR;SAN MARTÍN;GRAN TIERRA ENERGY COLOMBIA GMBH SUCURSAL COLOMBIA;ACORDIONERO;MIDAS; 14,122.64 ; 13,475.24 ; 13,839.62 ; 14,525.63 ; 14,171.83 ; 13,767.69 ; 13,440.57 ; 13,008.86 ; 12,125.86 ; 11,884.56 
CASANARE;SAN LUIS DE PALENQUE;PAREX RESOURCES COLOMBIA LTD. SUCURSAL;ADALIA;LLA 30; 330.04 ; 278.82 ; 257.94 ; 240.35 ; 270.56 ; 235.32 ; 192.41 ; 214.85 ; 158.00 ; 162.02 
SANTANDER;SIMACOTA;PAREX RESOURCES COLOMBIA LTD. SUCURSAL;AGUAS BLANCAS;AGUAS BLANCAS; 119.07 ; 114.09 ; 97.93 ; 94.06 ; 89.11 ; 72.65 ; 76.77 ; 85.94 ; 86.32 ; 80.92 
META;ACACIAS;ECOPETROL S.A.;AKACIAS;CPO 9; 12,435.32 ; 13,487.12 ; 14,618.23 ; 15,123.51 ; 16,297.07 ; 15,910.95 ; 14,868.15 ; 15,220.19 ; 17,270.47 ; 16,333.68 
META;GUAMAL;ECOPETROL S.A.;AKACIAS;CPO 9; 6,859.58 ; 8,970.64 ; 9,374.94 ; 9,478.52 ; 9,169.93 ; 7,495.24 ; 9,621.95 ; 10,662.08 ; 11,523.68 ; 4,222.93 
CASANARE;VILLA NUEVA;VERANO ENERGY (SWITZERLAND) AG SUCURSAL;AKIRA;CABRESTERO; 2,500.49 ; 2,314.38 ; 2,095.45 ; 1,908.78 ; 2,106.35 ; 2,150.07 ; 2,058.77 ; 2,279.49 ; 2,033.07 ; 1,942.98 
CASANARE;OROCUE;PETROLEOS COLOMBIANOS SA;ALBERTA;TAPIR; 374.18 ; 491.78 ; 369.92 ; 459.67 ; 322.79 ; 1,001.61 ; 2,373.05 ; 1,690.36 ; 1,583.97 ; 1,094.09 
CASANARE;OROCUE;OIRU CORPORATION;ALEPE;NASHIRA; 58.53 ; 55.52 ; 50.36 ; 43.34 ; 61.44 ; 69.36 ; 69.56 ; 61.61 ; 54.41 ; 50.73 
PUTUMAYO;ORITO;ECOPETROL S.A.;ALQAMARI;AREA OCCIDENTAL; 720.60 ; 628.01 ; 704.04 ; 683.74 ; 626.15 ; 542.15 ; 531.41 ; 507.58 ; 477.75 ; 423.68 
CASANARE;OROCUE;OIRU CORPORATION;ALVA SUR;NASHIRA; 216.63 ; 211.66 ; 197.75 ; 177.30 ; 217.95 ; 200.55 ; 236.37 ; 232.68 ; 173.06 ; 187.52 
TOLIMA;PIEDRAS;INTEROIL COLOMBIA EXPLORATION AND PRODUCTION;AMBROSÍA;AMBROSÍA; 28.13 ; 26.58 ; 27.17 ; 26.61 ; 25.18 ; 28.41 ; 26.78 ; 26.76 ; 26.66 ; 26.37 
CASANARE;PAZ DE ARIPORO;TOC ENERGIA SUCURSAL COLOMBIA;ANDALUZ;JAGUEYES 3432-B; 53.96 ; 54.99 ; 44.81 ; 36.34 ; 42.81 ; 28.59 ; 28.37 ; 26.56 ; 26.53 ; 21.25 
ARAUCA;TAME;PAREX RESOURCES COLOMBIA LTD. SUCURSAL;ANDINA;CAPACHOS; 5,719.86 ; 5,733.07 ; 4,735.91 ; 5,081.41 ; 5,170.94 ; 4,518.67 ; 4,070.60 ; 3,813.71 ; 4,103.69 ; 3,764.36 
META;VILLAVICENCIO;ECOPETROL S.A.;APIAY;APIAY; 2,825.12 ; 2,802.48 ; 3,227.34 ; 3,226.19 ; 2,898.95 ; 2,967.89 ; 2,942.51 ; 2,890.89 ; 2,762.22 ; 2,851.64 
META;VILLAVICENCIO;ECOPETROL S.A.;APIAY ESTE;APIAY; 986.47 ; 908.10 ; 915.78 ; 820.24 ; 743.67 ; 774.77 ; 661.71 ; 654.05 ; 539.45 ; 516.35 
ARAUCA;ARAUQUITA;SIERRACOL ENERGY ARAUCA LLC;ARAGUATO;CHIPIRÓN; 20.55 ; 20.57 ; 17.74 ; 6.02 ; 21.40 ; 15.83 ; 16.51 ; 19.79 ; 19.33 ; 17.51 
ARAUCA;SARAVENA;PAREX RESOURCES COLOMBIA LTD. SUCURSAL;ARAUCA;ARAUCA; 98.10 ; 93.82 ; 66.68 ; 72.29 ; 23.85 ; 106.44 ; 106.35 ; 96.73 ; 152.24 ; 248.36 
ANTIOQUIA;PUERTO NARE;ECOPETROL S.A.;AREA TECA-COCORNA;TECA-COCORNA; 1,381.17 ; 1,366.62 ; 1,289.01 ; 1,236.03 ; 1,225.04 ; 1,255.20 ; 1,170.80 ; 1,185.35 ; 1,167.07 ; 1,195.04 
ANTIOQUIA;PUERTO TRIUNFO;ECOPETROL S.A.;AREA TECA-COCORNA;TECA-COCORNA; 244.51 ; 289.44 ; 199.84 ; 178.35 ; 295.56 ; 324.69 ; 294.50 ; 341.28 ; 286.16 ; 259.07 
HUILA;AIPE;ECOPETROL S.A.;ARRAYÁN;PIJAO-POTRERILLO; 168.41 ; 164.22 ; 191.12 ; 194.07 ; 208.64 ; 198.68 ; 200.46 ; 196.36 ; 196.19 ; 203.40 
CORDOBA;PUEBLO NUEVO;HOCOL S.A.;ARRECIFE;VIM 8; 0.97 ; 0.09 ; 0.33 ; 0.30 ; 0.41 ; 0.13 ; 0.30 ; 0.25 ; 0.21 ; 0.17 
SANTANDER;SABANA DE TORRES;ECOPETROL S.A.;AULLADOR;PLAYON; 328.72 ; 329.03 ; 327.22 ; 328.73 ; 324.78 ; 317.60 ; 332.57 ; 334.34 ; 294.34 ; 320.79 
META;VILLAVICENCIO;ECOPETROL S.A.;AUSTRAL;APIAY; 28.03 ; 217.85 ; 280.85 ; 350.72 ; 342.46 ; 292.79 ; 220.05 ; 251.53 ; 290.42 ; 268.44 
CASANARE;TRINIDAD;MONTAJES JM S.A.;AZAFRÁN;GUACHIRIA SUR; 134.79 ; 133.25 ; 133.27 ; 129.80 ; 123.99 ; 123.26 ; 125.11 ; 122.60 ; 118.25 ; 115.85 
CASANARE;TAURAMENA;VERANO ENERGY (SWITZERLAND) AG SUCURSAL;AZOGUE;LLA 32; 3,529.07 ; 3,316.99 ; 3,491.48 ; 3,107.99 ; 2,689.93 ; 3,461.40 ; 3,939.56 ; 4,620.65 ; 4,438.32 ; 8,264.33 
CASANARE;VILLA NUEVA;VERANO ENERGY (SWITZERLAND) AG SUCURSAL;BACANO;CABRESTERO; 5,592.60 ; 5,485.47 ; 4,934.18 ; 4,501.82 ; 4,458.16 ; 4,058.88 ; 4,147.14 ; 4,337.73 ; 3,681.60 ; 3,150.50 
CASANARE;VILLA NUEVA;VERANO ENERGY (SWITZERLAND) AG SUCURSAL;BACANO;CABRESTERO; 720.31 ; 580.14 ; 553.88 ; 506.83 ; 418.68 ; 781.99 ; 939.04 ; 480.99 ; 1,195.77 ; 1,256.95 
HUILA;AIPE;ECOPETROL S.A.;BALCÓN;PALERMO; 544.41 ; 510.81 ; 498.20 ; 483.18 ; 501.16 ; 480.06 ; 481.51 ; 481.54 ; 485.09 ; 500.03 
CASANARE;VILLA NUEVA;PAREX RESOURCES COLOMBIA LTD. SUCURSAL;BARNETT;LLA 74; - ; - ; - ; 40.93 ; 520.26 ; 634.68 ; 324.93 ; 218.28 ; 241.15 ; 188.59 
CASANARE;SAN LUIS DE PALENQUE;PERENCO COLOMBIA LIMITED;BARQUEREÑA;CASANARE; 146.51 ; 2.65 ; - ; - ; 0.97 ; 77.35 ; 202.39 ; 142.82 ; 197.62 ; 187.82 
CASANARE;OROCUE;FRONTERA ENERGY COLOMBIA CORP., SUCURSAL COLOMBIA;BASTIDAS;CRAVOVIEJO; 119.25 ; 109.95 ; 110.43 ; 101.13 ; 142.04 ; 140.28 ; 138.23 ; 126.36 ; 142.15 ; 135.51 
ARAUCA;ARAUQUITA;SIERRACOL ENERGY ARAUCA LLC;BAYONERO;CHIPIRÓN; 202.20 ; 209.82 ; 192.59 ; 74.71 ; 225.33 ; 173.02 ; 178.74 ; 185.72 ; 153.82 ; 141.12 
CASANARE;PAZ DE ARIPORO;PAREX RESOURCES COLOMBIA LTD. SUCURSAL;BEGONIA;LLA 40; 476.65 ; 434.69 ; 419.16 ; 322.45 ; 258.92 ; 256.31 ; 239.16 ; 223.73 ; 209.02 ; 263.02 
PUTUMAYO;PUERTO ASIS;AMERISUR EXPLORACION COLOMBIA LIMITADA;BIENPARADO SUR;PUT 8; - ; - ; 49.23 ; 70.52 ; - ; - ; - ; - ; - ; - 
BOYACA;TOPAGA;UNION TEMPORAL OMEGA ENERGY;BOLÍVAR;BUENAVISTA; 24.90 ; 24.90 ; 24.88 ; 24.86 ; 24.61 ; 24.52 ; 24.53 ; 24.47 ; 24.32 ; 24.02 
SANTANDER;RIONEGRO;ECOPETROL S.A.;BONANZA;PROVINCIA P NORTE; 1,404.65 ; 1,432.96 ; 1,492.28 ; 1,503.87 ; 1,461.78 ; 1,434.48 ; 1,351.24 ; 1,305.61 ; 1,287.90 ; 1,298.76 
SUCRE;OVEJAS;HOCOL S.A.;BONGA;SAMAN; 1.96 ; 1.95 ; 1.98 ; 2.22 ; 1.65 ; 1.59 ; 1.23 ; 1.47 ; 1.33 ; 1.28 
CASANARE;YOPAL;COLOMBIA ENERGY DEVELOPMENT CO;BORAL;RIO VERDE; 479.05 ; 524.12 ; 501.51 ; 483.05 ; 458.72 ; 442.59 ; 419.51 ; 411.92 ; 382.27 ; 368.99 
NORTE DE SANTANDER;LA ESPERANZA;PAREX RESOURCES COLOMBIA LTD. SUCURSAL;BORANDA;BORANDA; 216.99 ; 217.06 ; 212.50 ; 206.17 ; 200.47 ; 204.94 ; 202.53 ; 199.57 ; 193.62 ; 192.65 
SANTANDER;RIONEGRO;PAREX RESOURCES COLOMBIA LTD. SUCURSAL;BORANDA;BORANDA; 271.70 ; 272.65 ; 277.47 ; 282.62 ; 277.66 ; 276.29 ; 297.28 ; 291.19 ; 297.45 ; 281.00 
HUILA;AIPE;ECOPETROL S.A.;BRISAS;PIJAO-POTRERILLO; 190.77 ; 214.23 ; 217.22 ; 216.15 ; 218.99 ; 215.75 ; 219.45 ; 211.88 ; 203.61 ; 176.05 
ATLANTICO;SABANALARGA;LEWIS ENERGY COLOMBIA INC;BULLERENGUE;SSJN-1; 58.76 ; 79.44 ; 58.27 ; 52.37 ; 54.96 ; 46.82 ; 35.68 ; 44.07 ; 37.88 ; 29.05 
META;PUERTO GAITAN;NEW GRANADA ENERGY CORPORATION SUCURSAL COLOMBIA;CABIONA;CABIONA; 379.08 ; 368.01 ; 368.75 ; 358.05 ; 342.05 ; 339.11 ; 331.09 ; 308.51 ; 343.51 ; 349.95 
BOYACA;PUERTO BOYACA;ECOPETROL S.A.;CAIPAL;PALAGUA; 1,146.78 ; 1,136.46 ; 1,118.36 ; 1,128.75 ; 1,117.45 ; 1,113.61 ; 1,090.84 ; 1,016.97 ; 1,002.11 ; 977.35 
META;PUERTO GAITAN;FRONTERA ENERGY COLOMBIA CORP., SUCURSAL COLOMBIA;CAJUA;QUIFA; 3,945.26 ; 3,944.44 ; 3,908.59 ; 4,323.29 ; 4,571.51 ; 4,800.10 ; 4,947.32 ; 4,827.30 ; 4,687.57 ; 4,879.71 
CASANARE;TAURAMENA;VERANO ENERGY (SWITZERLAND) AG SUCURSAL;CALONA;LLA 32; 3.39 ; - ; - ; - ; - ; - ; - ; - ; - ; - 
CASANARE;MANI;EMERALD ENERGY PLC SUCURSAL COLOMBIA;CAMPO RICO;CAMPO RICO; - ; - ; - ; 151.43 ; 12.24 ; - ; - ; - ; - ; 27.42 
CASANARE;OROCUE;COLOMBIA ENERGY DEVELOPMENT CO;CANACABARE;ALCARAVÁN; 166.19 ; 163.85 ; 163.91 ; 157.04 ; 122.27 ; 134.10 ; 245.48 ; 686.47 ; 987.11 ; 722.06 
CASANARE;MONTERREY;FRONTERA ENERGY COLOMBIA CORP., SUCURSAL COLOMBIA;Canaguay;CANAGUARO; - ; 6.32 ; 0.36 ; 7.42 ; 10.65 ; - ; - ; - ; - ; - 
CASANARE;TAURAMENA;FRONTERA ENERGY COLOMBIA CORP., SUCURSAL COLOMBIA;Canaguay;CANAGUARO; 24.93 ; 186.44 ; 231.74 ; 168.53 ; 196.59 ; 97.53 ; - ; - ; - ; 3.68 
ARAUCA;ARAUQUITA;SIERRACOL ENERGY ARAUCA LLC;CANAGUEY;COSECHA; 409.76 ; 415.40 ; 352.22 ; 133.16 ; 396.75 ; 385.18 ; 409.94 ; 593.39 ; 578.23 ; 471.79 
CASANARE;OROCUE;PERENCO COLOMBIA LIMITED;CANDALAY;GARCERO; 15.29 ; - ; 50.10 ; 48.93 ; 26.82 ; 28.81 ; 27.36 ; 30.33 ; 29.18 ; 23.84 
META;CABUYARO;FRONTERA ENERGY COLOMBIA CORP., SUCURSAL COLOMBIA;CANDELILLA;GUATIQUIA; 535.22 ; 537.66 ; 513.84 ; 507.44 ; 512.46 ; 502.58 ; 470.27 ; 468.08 ; 458.38 ; 452.50 
CASANARE;OROCUE;PERENCO COLOMBIA LIMITED;CAÑO DUYA;COROCORA; - ; - ; - ; - ; 17.23 ; 1.87 ; - ; - ; - ; - 
CASANARE;SAN LUIS DE PALENQUE;PERENCO COLOMBIA LIMITED;CAÑO GANDUL;COROCORA; 82.25 ; 83.91 ; 80.51 ; 79.46 ; 76.48 ; 65.05 ; 65.56 ; 56.60 ; 115.71 ; 164.30 
CASANARE;PAZ DE ARIPORO;PERENCO COLOMBIA LIMITED;CAÑO GARZA;CASANARE; 38.64 ; 42.03 ; 43.05 ; 33.45 ; 29.09 ; - ; - ; - ; - ; - 
CASANARE;PAZ DE ARIPORO;PERENCO COLOMBIA LIMITED;CAÑO GARZA ESTE;CASANARE; 116.78 ; 124.55 ; 123.51 ; 0.88 ; - ; - ; - ; - ; - ; - 
CASANARE;PAZ DE ARIPORO;PERENCO COLOMBIA LIMITED;CAÑO GARZA NORTE ;CASANARE; 16.54 ; - ; - ; - ; - ; - ; - ; - ; - ; - 
ARAUCA;ARAUCA;SIERRACOL ENERGY ARAUCA LLC;CAÑO LIMÓN;CRAVO NORTE; 14,130.80 ; 13,973.48 ; 12,568.30 ; 4,868.20 ; 14,355.91 ; 12,199.10 ; 13,727.29 ; 14,985.83 ; 14,343.09 ; 14,088.75 
ARAUCA;ARAUQUITA;SIERRACOL ENERGY ARAUCA LLC;CAÑO LIMÓN;CRAVO NORTE; 395.06 ; 384.82 ; 347.38 ; 153.07 ; 385.55 ; 343.88 ; 346.10 ; 339.34 ; 274.57 ; 141.86 
ARAUCA;ARAUQUITA;SIERRACOL ENERGY ARAUCA LLC;CAÑO RONDÓN;RONDÓN; 2,264.24 ; 2,127.78 ; 1,632.66 ; 792.03 ; 1,834.51 ; 1,719.80 ; 1,540.24 ; 1,686.42 ; 1,668.11 ; 1,445.69 
META;PUERTO GAITAN;ECOPETROL S.A.;CAÑO SUR ESTE;CAÑO SUR; 47,437.38 ; 47,590.90 ; 48,292.91 ; 42,629.56 ; 51,497.84 ; 52,857.72 ; 52,607.82 ; 54,165.04 ; 52,301.38 ; 51,914.60 
ARAUCA;ARAUCA;SIERRACOL ENERGY ARAUCA LLC;CAÑO YARUMAL;CRAVO NORTE; 3,093.05 ; 2,922.40 ; 2,726.11 ; 1,055.86 ; 3,065.47 ; 2,625.83 ; 2,971.65 ; 3,050.48 ; 3,111.68 ; 2,482.49 
ARAUCA;TAME;PAREX RESOURCES COLOMBIA LTD. SUCURSAL;CAPACHOS;CAPACHOS; 966.89 ; 1,025.13 ; 1,014.06 ; 886.77 ; 902.02 ; 828.57 ; 896.11 ; 784.81 ; 723.91 ; 590.17 
ARAUCA;TAME;PAREX RESOURCES COLOMBIA LTD. SUCURSAL;CAPACHOS SUR;CAPACHOS; 678.61 ; 809.78 ; 843.22 ; 871.28 ; 964.99 ; 867.27 ; - ; 183.19 ; 782.75 ; 646.34 
META;PUERTO GAITAN;COLOMBIA ENERGY DEVELOPMENT CO;CARACARA SUR A;CARACARA; 1,490.04 ; 1,488.63 ; 1,417.09 ; 1,680.84 ; 1,699.36 ; 1,548.09 ; 1,446.17 ; 1,288.68 ; 1,404.86 ; 1,433.55 
META;PUERTO GAITAN;COLOMBIA ENERGY DEVELOPMENT CO;CARACARA SUR B Y C;CARACARA; 1,001.14 ; 983.31 ; 975.66 ; 945.36 ; 949.67 ; 986.62 ; 980.55 ; 964.49 ; 965.65 ; 968.28 
CASANARE;SAN LUIS DE PALENQUE;FRONTERA ENERGY COLOMBIA CORP., SUCURSAL COLOMBIA;CARETO;CUBIRO; 49.73 ; 50.87 ; 36.20 ; 29.69 ; 34.66 ; 34.73 ; 37.62 ; 34.87 ; 36.16 ; 36.75 
CASANARE;TRINIDAD;FRONTERA ENERGY COLOMBIA CORP., SUCURSAL COLOMBIA;CARETO;CUBIRO; - ; - ; 15.25 ; 13.40 ; 9.71 ; 9.73 ; 10.54 ; 9.77 ; 10.13 ; 10.29 
PUTUMAYO;ORITO;ECOPETROL S.A.;CARIBE;AREA OCCIDENTAL; 1,598.77 ; 1,570.83 ; 1,552.22 ; 1,305.13 ; 977.66 ; 980.79 ; 983.25 ; 1,548.71 ; 1,646.30 ; 1,757.90 
ARAUCA;ARAUQUITA;SIERRACOL ENERGY ARAUCA LLC;CARICARE;RONDÓN; 4,169.46 ; 3,767.88 ; 3,652.60 ; 1,734.18 ; 3,577.62 ; 3,425.96 ; 3,596.38 ; 3,683.46 ; 3,182.70 ; 2,841.23 
CASANARE;TAURAMENA;VERANO ENERGY (SWITZERLAND) AG SUCURSAL;CARMENTEA;LLA 32; 7.68 ; - ; - ; - ; - ; - ; - ; - ; - ; - 
CASANARE;OROCUE;FRONTERA ENERGY COLOMBIA CORP., SUCURSAL COLOMBIA;CARRIZALES;CRAVOVIEJO; 322.76 ; 325.33 ; 332.67 ; 334.31 ; 362.44 ; 363.51 ; 367.08 ; 407.49 ; 416.19 ; 406.66 
CASANARE;OROCUE;PETROLEOS COLOMBIANOS SA;CARRIZALES NORTE;TAPIR; 5,108.01 ; 4,488.98 ; 4,315.65 ; 4,517.52 ; 4,031.69 ; 3,877.36 ; 3,561.90 ; 3,735.51 ; 3,981.84 ; 3,739.74 
CASANARE;PORE;PERENCO OIL AND GAS COLOMBIA LIMITED.;CARUPANA;YAMU; 341.99 ; 322.59 ; 345.27 ; 315.63 ; 331.06 ; 318.09 ; 302.89 ; 287.50 ; 285.45 ; 278.48 
ANTIOQUIA;YONDO;ECOPETROL S.A.;CASABE;MAGDALENA MEDIO-CASABE; 8,056.39 ; 7,954.69 ; 8,108.22 ; 7,962.44 ; 7,849.02 ; 8,003.03 ; 7,921.18 ; 7,584.01 ; 7,600.39 ; 7,672.99 
ANTIOQUIA;YONDO;ECOPETROL S.A.;CASABE SUR;MAGDALENA MEDIO-CASABE; 1,426.59 ; 1,469.91 ; 1,487.99 ; 1,380.11 ; 1,434.71 ; 1,446.42 ; 1,407.33 ; 1,309.69 ; 1,276.87 ; 1,305.74 
META;CASTILLA NUEVA;ECOPETROL S.A.;CASTILLA ;CUBARRAL; 57,603.76 ; 57,688.06 ; 56,861.71 ; 56,143.68 ; 55,374.26 ; 56,026.56 ; 56,053.10 ; 54,356.72 ; 52,980.26 ; 54,455.95 
META;ACACIAS;ECOPETROL S.A.;CASTILLA NORTE;CUBARRAL; 38,125.81 ; 38,425.03 ; 38,189.46 ; 36,939.16 ; 36,598.30 ; 37,007.44 ; 36,166.45 ; 35,708.88 ; 37,004.02 ; 35,866.84 
META;CASTILLA NUEVA;ECOPETROL S.A.;CASTILLA NORTE;CUBARRAL; 2,844.93 ; 3,023.52 ; 3,155.83 ; 2,879.10 ; 2,883.61 ; 2,991.93 ; 2,769.32 ; 2,625.51 ; 2,500.45 ; 2,559.06 
META;CABUYARO;FRONTERA ENERGY COLOMBIA CORP., SUCURSAL COLOMBIA;CEIBO;GUATIQUIA; 2,245.94 ; 2,359.32 ; 2,679.32 ; 2,891.30 ; 2,763.22 ; 2,661.02 ; 2,685.20 ; 2,608.67 ; 2,680.14 ; 2,248.51 
CASANARE;SAN LUIS DE PALENQUE;FRONTERA ENERGY COLOMBIA CORP., SUCURSAL COLOMBIA;CERNÍCALO;CUBIRO; 51.28 ; 50.05 ; 42.02 ; - ; - ; - ; - ; - ; - ; - 
CASANARE;PAZ DE ARIPORO;PERENCO COLOMBIA LIMITED;CHAPARRITO;ESTERO; 5,189.55 ; 4,973.23 ; 4,806.02 ; 4,737.10 ; 3,154.72 ; 2,630.69 ; 4,820.41 ; 4,606.99 ; 4,500.62 ; 4,377.46 
TOLIMA;PURIFICACIÓN;HOCOL S.A.;CHENCHE;CHENCHE; 41.94 ; 41.55 ; 41.54 ; 9.65 ; - ; 5.49 ; 88.24 ; 70.94 ; 58.05 ; 63.17 
META;ACACIAS;ECOPETROL S.A.;CHICHIMENE;CUBARRAL; 40,133.71 ; 40,727.95 ; 39,470.60 ; 38,548.21 ; 36,857.13 ; 38,581.54 ; 37,227.41 ; 37,941.95 ; 37,547.98 ; 37,463.32 
META;ACACIAS;ECOPETROL S.A.;CHICHIMENE SW;CUBARRAL; 125.07 ; 166.71 ; 194.08 ; 202.06 ; 184.28 ; 179.42 ; 175.16 ; 157.99 ; 161.63 ; 177.15 
META;GUAMAL;ECOPETROL S.A.;CHICHIMENE SW;CUBARRAL; 21,151.49 ; 20,660.72 ; 20,353.60 ; 21,060.14 ; 19,439.89 ; 20,101.99 ; 19,648.71 ; 20,456.55 ; 20,605.14 ; 20,491.15 
ARAUCA;ARAUCA;SIERRACOL ENERGY ARAUCA LLC;CHIPIRÓN;CHIPIRÓN; 2,301.22 ; 2,257.47 ; 1,985.37 ; 954.62 ; 2,151.69 ; 1,894.43 ; 2,104.29 ; 2,162.75 ; 2,028.05 ; 1,979.78 
ARAUCA;ARAUQUITA;SIERRACOL ENERGY ARAUCA LLC;CHIPIRÓN;CHIPIRÓN; 18.39 ; 9.66 ; 16.24 ; 7.56 ; 21.14 ; 20.22 ; 18.79 ; 19.97 ; 20.61 ; 17.22 
CASANARE;TAURAMENA;GEOPARK COLOMBIA S.A.S.;CHIRICOCA;LLA 34; 218.91 ; 213.43 ; 213.72 ; 207.64 ; 197.21 ; 199.72 ; 190.00 ; 133.54 ; - ; - 
CESAR;RIO DE ORO;GRAN TIERRA ENERGY COLOMBIA GMBH SUCURSAL COLOMBIA;CHUIRA;MIDAS; 116.60 ; 127.12 ; 130.52 ; 127.97 ; 127.21 ; 127.24 ; 123.42 ; 121.80 ; 122.07 ; 121.22 
PUTUMAYO;ORITO;ECOPETROL S.A.;CHURUYACO;AREA OCCIDENTAL; - ; 25.98 ; 23.49 ; 21.87 ; 19.56 ; 11.58 ; 35.62 ; 40.26 ; 47.55 ; 48.48 
BOLIVAR;CICUCO;HOCOL S.A.;CICUCO;CICUCO BOQUETE; 249.31 ; 232.71 ; 248.92 ; 234.29 ; 203.41 ; 215.40 ; 192.11 ; 215.35 ; 221.99 ; 221.29 
BOLIVAR;TALAIGUA NUEVO;HOCOL S.A.;CICUCO;CICUCO BOQUETE; 198.76 ; 192.97 ; 204.97 ; 198.47 ; 196.45 ; 198.24 ; 194.18 ; 202.09 ; 197.46 ; 181.70 
CASANARE;OROCUE;FRONTERA ENERGY COLOMBIA CORP., SUCURSAL COLOMBIA;CIRIGÜELO;CACHICAMO; 13.19 ; 13.18 ; 13.10 ; 12.36 ; 12.19 ; 11.93 ; 12.07 ; 10.68 ; 14.75 ; 10.55 
META;BARRANCA DE UPIA;FRONTERA ENERGY COLOMBIA CORP., SUCURSAL COLOMBIA;COBRA;CORCEL; 2.60 ; 2.68 ; 2.66 ; 2.66 ; 2.56 ; 2.54 ; 2.42 ; 2.24 ; 2.17 ; 2.21 
META;CABUYARO;FRONTERA ENERGY COLOMBIA CORP., SUCURSAL COLOMBIA;COBRA;CORCEL; 108.89 ; 112.34 ; 111.22 ; 111.30 ; 107.15 ; 106.45 ; 101.35 ; 93.93 ; 90.67 ; 92.35 
PUTUMAYO;PUERTO ASIS;GRAN TIERRA ENERGY COLOMBIA GMBH SUCURSAL COLOMBIA;COHEMBI;SURORIENTE; 5,319.28 ; 4,980.87 ; 5,088.72 ; - ; - ; - ; - ; - ; - ; - 
PUTUMAYO;PUERTO ASIS;GRAN TIERRA OPERATIONS COLOMBIA GMBH SUCURSAL;COHEMBI;SURORIENTE; - ; - ; - ; 4,758.13 ; 5,390.98 ; 5,835.19 ; 3,144.16 ; 5,983.84 ; 6,425.97 ; 7,937.13 
SANTANDER;RIONEGRO;GRAN TIERRA ENERGY COLOMBIA GMBH SUCURSAL COLOMBIA;COLÓN;LA PALOMA; 167.23 ; 163.86 ; 160.56 ; 152.51 ; 158.11 ; 157.55 ; 154.82 ; 153.92 ; 152.91 ; 150.23 
CASANARE;SAN LUIS DE PALENQUE;FRONTERA ENERGY COLOMBIA CORP., SUCURSAL COLOMBIA;COPA UNIFICADO;CUBIRO; 1,144.85 ; 1,080.14 ; 1,052.84 ; 1,035.20 ; 997.07 ; 962.19 ; 951.55 ; 943.32 ; 906.93 ; 878.54 
SANTANDER;SABANA DE TORRES;PETROSANTANDER COLOMBIA  GMBH;CORAZÓN;CARARE LAS MONAS; 75.35 ; 44.93 ; 58.85 ; 67.01 ; 60.34 ; 52.05 ; 49.86 ; 42.81 ; 40.37 ; 44.41 
SANTANDER;SABANA DE TORRES;PETROSANTANDER COLOMBIA  GMBH;CORAZÓN WEST;CARARE LAS MONAS; 150.89 ; 148.16 ; 148.23 ; 145.14 ; 149.05 ; 148.10 ; 144.00 ; 143.63 ; 143.93 ; 147.32 
META;BARRANCA DE UPIA;FRONTERA ENERGY COLOMBIA CORP., SUCURSAL COLOMBIA;CORCEL A;CORCEL; 24.22 ; - ; - ; - ; - ; 0.29 ; 0.44 ; 0.10 ; 0.09 ; 0.13 
META;BARRANCA DE UPIA;FRONTERA ENERGY COLOMBIA CORP., SUCURSAL COLOMBIA;CORCEL C;CORCEL; 52.72 ; 12.30 ; 46.91 ; 52.68 ; 52.34 ; 52.82 ; 50.07 ; 47.10 ; 45.74 ; 9.90 
META;CABUYARO;FRONTERA ENERGY COLOMBIA CORP., SUCURSAL COLOMBIA;CORCEL C;CORCEL; 2.33 ; 0.54 ; 2.07 ; 2.33 ; 2.31 ; 2.33 ; 2.21 ; 2.08 ; 2.02 ; 0.44 
META;CABUYARO;FRONTERA ENERGY COLOMBIA CORP., SUCURSAL COLOMBIA;CORCEL D;CORCEL; 125.82 ; 128.87 ; 126.78 ; 128.57 ; 127.72 ; 127.67 ; 123.90 ; 118.26 ; 112.03 ; 115.78 
CASANARE;TRINIDAD;PERENCO COLOMBIA LIMITED;COREN;COROCORA; 509.45 ; 370.22 ; 459.18 ; 825.46 ; 850.36 ; 776.82 ; 775.37 ; 763.09 ; 775.02 ; 731.94 
CASANARE;TRINIDAD;PERENCO COLOMBIA LIMITED;COROCORA;COROCORA; 316.19 ; 340.43 ; 358.65 ; 308.82 ; 356.34 ; 335.20 ; 329.43 ; 326.26 ; 327.17 ; 302.48 
BOYACA;CORRALES;UNION TEMPORAL OMEGA ENERGY;CORRALES;BUENAVISTA; 80.61 ; 75.61 ; 76.03 ; 76.90 ; 76.45 ; 59.87 ; 65.78 ; 73.77 ; 74.47 ; 71.16 
CASANARE;TRINIDAD;PERENCO COLOMBIA LIMITED;CORSUR;COROCORA; 79.44 ; 77.13 ; 72.42 ; 64.88 ; 76.25 ; 78.10 ; 97.26 ; 80.05 ; 95.27 ; 91.95 
ARAUCA;ARAUQUITA;SIERRACOL ENERGY ARAUCA LLC;COSECHA-A;COSECHA; - ; 3.65 ; - ; - ; - ; - ; - ; - ; - ; - 
PUTUMAYO;VILLAGARZON;GRAN TIERRA ENERGY COLOMBIA GMBH SUCURSAL COLOMBIA;COSTAYACO;CHAZA; 5,807.24 ; 5,882.92 ; 5,980.28 ; 5,647.37 ; 5,610.57 ; 5,301.16 ; 5,526.12 ; 5,894.06 ; 5,455.32 ; 4,754.44 
CASANARE;SAN LUIS DE PALENQUE;PERENCO COLOMBIA LIMITED;CRAVO ESTE;CASANARE; 187.16 ; 183.17 ; 173.41 ; 173.76 ; 171.53 ; 157.66 ; 165.99 ; 144.82 ; 156.63 ; 152.98 
SANTANDER;SABANA DE TORRES;ECOPETROL S.A.;CRISTALINA;MAGDALENA MEDIO-CRISTALINA; 171.96 ; 173.09 ; 174.84 ; 174.57 ; 177.76 ; 182.29 ; 180.52 ; 178.78 ; 175.83 ; 175.82 
CASANARE;PAZ DE ARIPORO;PERENCO OIL AND GAS COLOMBIA LIMITED.;CUERVA NORESTE;LA CUERVA; 30.72 ; 23.26 ; 22.69 ; 20.05 ; 15.20 ; 13.64 ; 11.29 ; 11.44 ; 4.73 ; - 
BOYACA;PAZ DEL RIO;PERENCO OIL AND GAS COLOMBIA LIMITED.;CUERVA OESTE;LA CUERVA; - ; - ; - ; - ; - ; - ; - ; 12.45 ; 13.26 ; 12.13 
CASANARE;PAZ DE ARIPORO;PERENCO OIL AND GAS COLOMBIA LIMITED.;CUERVA OESTE;LA CUERVA; 394.84 ; 409.88 ; 426.51 ; 435.62 ; 416.94 ; 377.36 ; 356.15 ; 345.53 ; 350.69 ; 389.84 
CASANARE;PAZ DE ARIPORO;PERENCO OIL AND GAS COLOMBIA LIMITED.;CUERVA SUR;LA CUERVA; 118.36 ; 116.04 ; 113.87 ; 110.40 ; 108.35 ; 96.78 ; 93.32 ; 97.43 ; 107.34 ; 107.05 
PUTUMAYO;PUERTO ASIS;GRAN TIERRA ENERGY COLOMBIA GMBH SUCURSAL COLOMBIA;CUMPLIDOR;PUT-7; 473.96 ; 452.71 ; 452.71 ; 455.28 ; 451.72 ; 448.87 ; 240.14 ; 483.33 ; 425.41 ; 427.72 
CASANARE;AGUAZUL;ECOPETROL S.A.;CUPIAGUA;AREA SANTIAGO DE LAS ATALAYAS; 3,343.38 ; 3,264.91 ; 3,130.72 ; 3,394.11 ; 3,372.28 ; 3,603.93 ; 3,404.68 ; 3,349.95 ; 3,339.59 ; 3,359.54 
CASANARE;AGUAZUL;ECOPETROL S.A.;CUPIAGUA LIRIA;RECETOR; 1,549.73 ; 1,349.88 ; 1,047.41 ; 1,492.25 ; 1,373.63 ; 1,411.94 ; 1,550.92 ; 1,512.29 ; 1,467.39 ; 1,465.24 
CASANARE;AGUAZUL;ECOPETROL S.A.;CUPIAGUA SUR;AREA SANTIAGO DE LAS ATALAYAS; 256.42 ; 291.81 ; 306.59 ; 447.56 ; 428.46 ; 398.52 ; 372.66 ; 342.32 ; 324.08 ; 278.48 
CASANARE;OROCUE;INVEPETROL LIMITED COLOMBIA;CURITO;CASANARE ESTE; 2.59 ; - ; - ; - ; - ; - ; - ; - ; - ; - 
CASANARE;TAURAMENA;ECOPETROL S.A.;CUSIANA;RÍO CHITAMENA; 267.54 ; 278.68 ; 289.70 ; 176.39 ; 79.58 ; 81.84 ; 99.43 ; 117.16 ; 155.57 ; 163.51 
CASANARE;TAURAMENA;ECOPETROL S.A.;CUSIANA;TAURAMENA ; 279.26 ; 293.95 ; 291.97 ; 256.65 ; 277.74 ; 292.16 ; 292.87 ; 299.68 ; 246.89 ; 198.65 
CASANARE;AGUAZUL;ECOPETROL S.A.;CUSIANA NORTE;AREA SANTIAGO DE LAS ATALAYAS; 79.53 ; 91.65 ; 106.84 ; 84.09 ; 95.58 ; 105.30 ; 105.46 ; 99.68 ; 80.68 ; 59.22 
CASANARE;OROCUE;COLOMBIA ENERGY DEVELOPMENT CO;DANES;LLA 23; 130.99 ; 122.24 ; 106.95 ; 115.15 ; 126.46 ; 120.56 ; 115.13 ; 116.09 ; 109.16 ; 106.85 
HUILA;AIPE;ECOPETROL S.A.;DINA CRETÁCEOS;PIJAO-POTRERILLO; 625.13 ; 593.14 ; 612.70 ; 626.33 ; 636.85 ; 661.83 ; 683.53 ; 650.89 ; 653.72 ; 683.21 
HUILA;AIPE;ECOPETROL S.A.;DINA NORTE;PIJAO-POTRERILLO; 252.81 ; 278.10 ; 275.83 ; 277.91 ; 289.98 ; 293.02 ; 278.54 ; 259.69 ; 241.44 ; 251.51 
HUILA;AIPE;ECOPETROL S.A.;DINA TERCIARIOS;PIJAO-POTRERILLO; 2,206.64 ; 2,118.38 ; 2,268.95 ; 2,525.13 ; 2,465.24 ; 2,710.85 ; 2,633.17 ; 2,489.83 ; 2,316.18 ; 2,440.40 
CASANARE;PAZ DE ARIPORO;NEW GRANADA ENERGY CORPORATION SUCURSAL COLOMBIA;DOROTEA B;DOROTEA; 470.14 ; 431.23 ; 359.31 ; 355.35 ; 348.16 ; 339.47 ; 332.64 ; 322.93 ; 318.66 ; 312.47 
CASANARE;TRINIDAD;NEW GRANADA ENERGY CORPORATION SUCURSAL COLOMBIA;DOROTEA E;DOROTEA; 71.69 ; 65.70 ; 71.37 ; 71.49 ; 70.92 ; 69.66 ; 71.70 ; 72.22 ; 68.70 ; 66.75 
MAGDALENA;ARIGUANI;PETROLEOS SUD AMERICANOS SUCURSAL COLOMBIA;EL DIFÍCIL;EL DIFÍCIL; 31.70 ; 32.96 ; 31.35 ; 30.84 ; 31.00 ; 28.77 ; 29.35 ; 28.47 ; 27.97 ; 28.00 
TOLIMA;MELGAR;HOCOL S.A.;EL NIÑO;BOQUERÓN; 190.55 ; 187.69 ; 188.19 ; 186.16 ; 184.43 ; 181.30 ; 181.25 ; 180.35 ; 177.92 ; 177.43 
META;PUERTO GAITAN;COLOMBIA ENERGY DEVELOPMENT CO;ELIZITA;CARACARA; 573.91 ; 562.03 ; 522.93 ; 513.48 ; 506.49 ; 490.70 ; 453.95 ; 454.04 ; 449.12 ; 457.78 
CASANARE;OROCUE;VETRA EXPLORACION Y PRODUCCION COLOMBIA S.A.S. ;ESPIGUERO;LLA 78; 170.21 ; 178.90 ; 214.34 ; 274.01 ; 244.81 ; 138.30 ; 71.45 ; 20.08 ; 35.78 ; 76.74 
CASANARE;MANI;COLOMBIA ENERGY DEVELOPMENT CO;ESTERO;ALCARAVÁN; 129.56 ; 130.16 ; 129.31 ; 120.97 ; 120.36 ; 123.75 ; 127.15 ; 125.39 ; 124.95 ; 123.58 
ARAUCA;ARAUQUITA;SIERRACOL ENERGY ARAUCA LLC;FINN;COSECHA; 169.49 ; 168.67 ; 143.36 ; 73.27 ; 152.81 ; 144.22 ; 158.71 ; 166.84 ; 144.12 ; 133.57 
SANTANDER;PUERTO WILCHES;ECOPETROL S.A.;FLAMENCOS;MAGDALENA MEDIO-YARIGUI-CANTAGALLO; 667.79 ; 616.68 ; 557.25 ; 590.90 ; 570.91 ; 627.96 ; 626.25 ; 627.58 ; 620.13 ; 620.17 
CASANARE;YOPAL;ECOPETROL S.A.;FLOREÑA;PIEDEMONTE; 1,453.51 ; 1,341.86 ; 1,264.73 ; 1,349.66 ; 1,533.30 ; 1,535.99 ; 1,063.47 ; 1,082.84 ; 1,316.21 ; 1,457.86 
CASANARE;YOPAL;ECOPETROL S.A.;FLOREÑA MIRADOR;PIEDEMONTE; 847.44 ; 563.83 ; 681.82 ; 732.20 ; 920.44 ; 939.35 ; 545.01 ; 946.37 ; 756.01 ; 786.83 
META;PUERTO LOPEZ;ANDES OPERATING COMPANY LLC SUCURSAL COLOMBIA;FRANKMAVE;LLA 58; 72.44 ; 72.21 ; 73.63 ; 73.84 ; 72.40 ; 70.86 ; 70.20 ; 70.07 ; 69.21 ; 68.40 
SANTANDER;RIONEGRO;GRAN TIERRA ENERGY COLOMBIA GMBH SUCURSAL COLOMBIA;GAITERO;LA PALOMA; - ; - ; - ; 7.78 ; - ; - ; - ; - ; - ; - 
ARAUCA;ARAUCA;SIERRACOL ENERGY ARAUCA LLC;GALEMBO;CHIPIRÓN; 19.35 ; 15.40 ; 13.55 ; 4.57 ; 15.96 ; 12.33 ; 13.34 ; 16.06 ; 15.81 ; 15.15 
SANTANDER;PUERTO WILCHES;ECOPETROL S.A.;GARZAS;MAGDALENA MEDIO-YARIGUI-GARZAS; 600.68 ; 806.81 ; 727.49 ; 711.45 ; 668.36 ; 557.95 ; 579.56 ; 558.62 ; 463.04 ; 489.16 
META;VILLAVICENCIO;ECOPETROL S.A.;GAVAN;APIAY; 976.30 ; 1,188.55 ; 1,123.50 ; 1,037.72 ; 1,169.64 ; 1,308.92 ; 1,155.76 ; 1,358.81 ; 1,474.32 ; 1,145.91 
BOYACA;CUBARÁ;ECOPETROL S.A.;GIBRALTAR;SIRIRI; 171.44 ; 503.87 ; 568.99 ; 366.35 ; 490.49 ; 590.92 ; 521.29 ; 403.85 ; 540.02 ; 542.24 
HUILA;GARZON;ECOPETROL S.A.;GIGANTE;MATAMBO; 313.45 ; 304.65 ; 292.34 ; 278.09 ; 272.81 ; 251.23 ; 255.15 ; 242.16 ; 223.32 ; 202.29 
BOYACA;PUERTO BOYACA;ECOPETROL S.A.;GIRASOL;NARE; 1,706.17 ; 1,741.31 ; 1,731.35 ; 1,701.06 ; 1,722.97 ; 1,771.48 ; 1,763.15 ; 1,428.69 ; - ; - 
CASANARE;OROCUE;FRONTERA ENERGY COLOMBIA CORP., SUCURSAL COLOMBIA;GRETA OTO;CACHICAMO; 114.11 ; 193.69 ; 219.93 ; 155.84 ; 190.85 ; 172.65 ; 153.78 ; 132.59 ; 104.96 ; 99.19 
CASANARE;OROCUE;FRONTERA ENERGY COLOMBIA CORP., SUCURSAL COLOMBIA;GUACHARACA;CACHICAMO; 84.15 ; 79.26 ; 78.87 ; 74.41 ; 73.36 ; 71.72 ; 72.56 ; 53.56 ; 56.24 ; 58.69 
CASANARE;VILLA NUEVA;GEOPARK COLOMBIA S.A.S.;GUACO;LLA 34; 69.83 ; 67.25 ; 66.03 ; 54.29 ; 60.66 ; 1.60 ; - ; - ; - ; - 
CASANARE;OROCUE;PERENCO COLOMBIA LIMITED;GUANAPALO;ESTERO; 29.80 ; 21.74 ; 42.62 ; 2.04 ; 1.28 ; - ; - ; - ; - ; 51.03 
CASANARE;SAN LUIS DE PALENQUE;PERENCO COLOMBIA LIMITED;GUANAPALO;ESTERO; 49.04 ; 40.96 ; 46.93 ; 35.77 ; 1.28 ; 7.14 ; 38.24 ; 33.94 ; 45.14 ; - 
TOLIMA;MELGAR;HOCOL S.A.;GUANDO;BOQUERÓN; 3,074.60 ; 3,084.32 ; 3,009.11 ; 3,023.38 ; 2,998.11 ; 3,004.33 ; 2,902.09 ; 2,742.30 ; 2,733.42 ; 2,496.09 
TOLIMA;MELGAR;HOCOL S.A.;GUANDO SW;BOQUERÓN; 1,269.80 ; 1,250.29 ; 1,278.48 ; 1,293.16 ; 1,223.34 ; 1,273.05 ; 1,169.32 ; 1,206.36 ; 1,219.72 ; 1,219.60 
CASANARE;OROCUE;PERENCO COLOMBIA LIMITED;GUARILAQUE;OROCUÉ; 640.49 ; 625.55 ; 618.91 ; 557.51 ; 602.74 ; 618.97 ; 606.11 ; 433.72 ; 642.29 ; 632.85 
META;PUERTO GAITAN;HOCOL S.A.;GUARROJO;GUARROJO; 320.25 ; 347.00 ; 322.99 ; 322.04 ; 338.25 ; 381.22 ; 311.10 ; 318.67 ; 320.34 ; 303.79 
CASANARE;OROCUE;PERENCO COLOMBIA LIMITED;GUASAR;GARCERO; 59.58 ; 59.08 ; 42.45 ; 37.87 ; 38.01 ; 33.02 ; 30.74 ; 24.53 ; 26.63 ; 34.30 
META;VILLAVICENCIO;ECOPETROL S.A.;GUATIQUIA;APIAY; 753.27 ; 791.03 ; 842.47 ; 1,148.52 ; 977.14 ; 1,477.06 ; 1,489.70 ; 1,311.81 ; 934.28 ; 990.69 
CAUCA;PIAMONTE;GRAN TIERRA ENERGY COLOMBIA GMBH SUCURSAL COLOMBIA;GUAYUYACO;GUAYUYACO; 240.63 ; 187.59 ; - ; 67.03 ; 224.93 ; 212.70 ; 182.87 ; 268.75 ; 227.45 ; 235.06 
META;CABUYARO;ONGC VIDESH LIMITED SUCURSAL COLOMBIANA;HALCÓN;CPO 5; 686.85 ; 581.92 ; 610.16 ; 602.48 ; 419.75 ; 529.33 ; 506.78 ; 461.35 ; 456.97 ; 440.26 
META;PUERTO GAITAN;FRONTERA ENERGY COLOMBIA CORP., SUCURSAL COLOMBIA;HAMACA;CPE-6; 8,009.46 ; 8,392.20 ; 7,996.35 ; 8,020.32 ; 8,346.67 ; 7,099.00 ; 8,100.31 ; 7,890.89 ; 7,272.47 ; 7,285.90 
CASANARE;OROCUE;FRONTERA ENERGY COLOMBIA CORP., SUCURSAL COLOMBIA;HOATZIN;CACHICAMO; 24.22 ; 24.99 ; 24.73 ; 21.47 ; 21.18 ; 19.94 ; 19.94 ; 20.43 ; 21.39 ; 18.06 
CASANARE;OROCUE;FRONTERA ENERGY COLOMBIA CORP., SUCURSAL COLOMBIA;HOATZIN NORTE;CACHICAMO; 58.93 ; 57.41 ; 54.93 ; 53.76 ; 55.03 ; 55.14 ; 54.89 ; 46.14 ; 57.23 ; 60.89 
PUTUMAYO;VALLE DEL GUAMUEZ;ECOPETROL S.A.;HORMIGA;AREA SUR; 22.90 ; 23.50 ; 23.50 ; 22.35 ; 25.07 ; 22.86 ; 21.50 ; 18.33 ; 23.12 ; 22.69 
TOLIMA;CHAPARRAL;HOCOL S.A.;IBAMACA;TOLIMA; 1,124.31 ; 1,096.35 ; 1,099.26 ; 1,060.71 ; 1,008.65 ; 1,070.08 ; 1,117.93 ; 1,294.09 ; 1,754.73 ; 1,854.28 
META;CABUYARO;ONGC VIDESH LIMITED SUCURSAL COLOMBIANA;INDICO;CPO 5; 23,001.41 ; 21,052.76 ; 20,071.09 ; 24,316.31 ; 19,271.63 ; 15,880.69 ; 23,205.53 ; 23,252.07 ; 22,840.70 ; 20,019.70 
SANTANDER;BARRANCABERMEJA;ECOPETROL S.A.;INFANTAS;LA CIRA INFANTAS; 6,252.53 ; 6,275.88 ; 5,971.79 ; 5,962.93 ; 6,117.48 ; 5,986.13 ; 5,674.99 ; 5,621.18 ; 5,675.47 ; 5,508.71 
GUAJIRA;RIOHACHA;MKMS ENERJI SUCURSAL COLOMBIA;ISTANBUL;MARIA CONCHITA; 9.45 ; 8.74 ; 8.90 ; 8.73 ; 8.04 ; 7.66 ; 8.49 ; 5.31 ; 2.86 ; 4.63 
CASANARE;TAURAMENA;GEOPARK COLOMBIA S.A.S.;JACAMAR;LLA 34; 160.75 ; 180.31 ; 196.01 ; 201.17 ; 35.06 ; - ; - ; - ; 192.54 ; 180.77 
CASANARE;VILLA NUEVA;GEOPARK COLOMBIA S.A.S.;JACAMAR;LLA 34; 759.85 ; 591.81 ; 891.33 ; 1,106.03 ; 871.73 ; 801.23 ; 700.90 ; 695.66 ; 507.06 ; 473.88 
CASANARE;VILLA NUEVA;GEOPARK COLOMBIA S.A.S.;JACANA;LLA 34; 20,172.31 ; 19,268.77 ; 18,914.36 ; 19,029.52 ; 19,925.00 ; 19,180.82 ; 19,606.70 ; 19,119.72 ; 18,181.23 ; 17,606.44 
BOYACA;PUERTO BOYACA;ECOPETROL S.A.;JAZMIN;NARE; 2,612.16 ; 2,656.42 ; 2,707.66 ; 2,708.60 ; 2,672.67 ; 2,667.66 ; 2,674.34 ; 2,105.15 ; - ; - 
ARAUCA;ARAUQUITA;SIERRACOL ENERGY ARAUCA LLC;JIBA UNIFICADO;CHIPIRÓN; 87.24 ; 97.52 ; 84.75 ; 28.58 ; 94.79 ; 77.25 ; 40.08 ; - ; - ; - 
CASANARE;OROCUE;PERENCO COLOMBIA LIMITED;JORCAN;GARCERO; 85.68 ; 78.45 ; 3.59 ; - ; - ; - ; - ; - ; - ; - 
CASANARE;OROCUE;PERENCO COLOMBIA LIMITED;JORDÁN;GARCERO; 456.63 ; 554.83 ; 622.78 ; 636.81 ; 661.97 ; 648.71 ; 625.67 ; 472.91 ; 589.08 ; 623.71 
PUTUMAYO;VILLAGARZON;GRAN TIERRA ENERGY COLOMBIA GMBH SUCURSAL COLOMBIA;JUANAMBU;GUAYUYACO; 216.15 ; 214.34 ; 203.60 ; 194.14 ; 198.39 ; 203.52 ; 210.86 ; 210.36 ; 210.43 ; 176.80 
CASANARE;TAURAMENA;VERANO ENERGY (SWITZERLAND) AG SUCURSAL;KANANASKIS;LLA 32; 282.25 ; 342.82 ; 352.26 ; 298.83 ; 324.76 ; 356.21 ; 348.78 ; 339.03 ; 336.70 ; 177.91 
CASANARE;PAZ DE ARIPORO;GREEN POWER SUCURSAL COLOMBIA;KIMBO;JOROPO; 1,336.93 ; 1,186.59 ; 1,393.95 ; 1,663.11 ; 899.68 ; 1,441.43 ; 894.44 ; 723.16 ; 725.32 ; 554.23 
CASANARE;VILLA NUEVA;VERANO ENERGY (SWITZERLAND) AG SUCURSAL;KITARO;CABRESTERO; 1,113.89 ; 1,097.04 ; 757.81 ; 810.77 ; 1,069.07 ; 1,033.39 ; 1,004.26 ; 992.18 ; 952.28 ; 891.10 
MAGDALENA;PLATO;PAREX RESOURCES COLOMBIA LTD. SUCURSAL;LA BELLEZA;VIM 1; 3,681.59 ; 3,677.84 ; 3,690.41 ; 3,640.12 ; 3,601.42 ; 3,565.84 ; 3,607.10 ; 3,559.48 ; 3,491.76 ; 3,477.73 
HUILA;PAICOL;HOCOL S.A.;LA CAÑADA NORTE;SAN JACINTO; 736.32 ; 732.66 ; 819.51 ; 822.82 ; 827.52 ; 849.58 ; 820.15 ; 809.01 ; 787.46 ; 800.54 
HUILA;PAICOL;HOCOL S.A.;La Cañada Norte PUE;SAN JACINTO; 224.60 ; 202.97 ; 125.20 ; 229.19 ; 226.48 ; 238.65 ; 229.43 ; 217.00 ; 192.87 ; 188.06 
SANTANDER;BARRANCABERMEJA;ECOPETROL S.A.;LA CIRA;LA CIRA INFANTAS; 19,875.76 ; 19,921.11 ; 19,505.42 ; 19,687.80 ; 19,314.12 ; 19,582.73 ; 19,702.54 ; 19,555.16 ; 19,126.14 ; 18,690.14 
CASANARE;SAN LUIS DE PALENQUE;PERENCO COLOMBIA LIMITED;LA FLORA;CASANARE; 177.16 ; 169.86 ; 178.54 ; 200.29 ; 199.93 ; 191.81 ; 194.94 ; 124.32 ; 175.35 ; 187.60 
CASANARE;AGUAZUL;PERENCO COLOMBIA LIMITED;LA GLORIA;CASANARE; 255.98 ; 233.12 ; 223.13 ; 255.10 ; 242.94 ; 206.31 ; 147.93 ; 147.78 ; 147.90 ; 147.97 
CASANARE;MANI;PERENCO COLOMBIA LIMITED;LA GLORIA;CASANARE; 232.45 ; 236.91 ; 243.41 ; 239.45 ; 232.31 ; 223.47 ; 218.82 ; 225.83 ; 228.14 ; 226.82 
CASANARE;YOPAL;PERENCO COLOMBIA LIMITED;LA GLORIA NORTE;CASANARE; - ; - ; - ; - ; - ; - ; - ; - ; - ; 40.96 
HUILA;TESALIA;HOCOL S.A.;LA HOCHA;RIO PAEZ; 588.87 ; 621.78 ; 618.21 ; 594.91 ; 530.24 ; 585.04 ; 600.80 ; 606.17 ; 665.32 ; 661.37 
HUILA;TESALIA;HOCOL S.A.;La Hocha - PUE;RIO PAEZ; 61.81 ; 87.13 ; 103.22 ; 95.38 ; 81.86 ; 24.27 ; - ; - ; - ; - 
HUILA;NEIVA;ECOPETROL S.A.;LA JAGUA;CAMPOS TELLO Y LA JAGUA; 48.00 ; 47.41 ; 45.24 ; 32.49 ; - ; - ; 20.50 ; 53.23 ; 50.12 ; 49.47 
CASANARE;MANI;HOCOL S.A.;LA PUNTA;LA PUNTA; - ; 14.35 ; 36.30 ; 241.01 ; 324.74 ; 325.92 ; 316.66 ; 304.73 ; 295.34 ; 283.60 
META;CABUYARO;ONGC VIDESH LIMITED SUCURSAL COLOMBIANA;LA URRACA;CPO 5; 59.21 ; - ; - ; - ; - ; - ; - ; - ; - ; - 
CASANARE;OROCUE;COLOMBIA ENERGY DEVELOPMENT CO;LABRADOR;LLA 23; 250.02 ; 250.72 ; 221.18 ; 195.19 ; 200.10 ; 197.81 ; 187.93 ; 185.53 ; 172.82 ; 17.02 
CASANARE;SAN LUIS DE PALENQUE;COLOMBIA ENERGY DEVELOPMENT CO;LABRADOR;LLA 23; - ; - ; - ; - ; - ; - ; - ; - ; - ; 163.14 
CASANARE;SAN LUIS DE PALENQUE;PAREX RESOURCES COLOMBIA LTD. SUCURSAL;LAS MARACAS ;LOS OCARROS; 75.12 ; 78.66 ; 179.73 ; 379.78 ; 282.27 ; 227.84 ; 105.05 ; 175.86 ; 75.61 ; 2.88 
CASANARE;SAN LUIS DE PALENQUE;COLOMBIA ENERGY DEVELOPMENT CO;LEONO;LLA 23; 40.26 ; 42.00 ; 30.51 ; 30.65 ; 36.33 ; 27.92 ; 24.50 ; 29.39 ; 33.20 ; 28.59 
META;VILLAVICENCIO;ECOPETROL S.A.;LIBERTAD;APIAY; 210.84 ; 228.97 ; 230.55 ; 210.52 ; 210.19 ; 202.66 ; 359.61 ; 343.37 ; 135.52 ; 150.95 
META;VILLAVICENCIO;ECOPETROL S.A.;LIBERTAD NORTE;APIAY; 335.71 ; 277.89 ; 282.87 ; 541.32 ; 559.58 ; 504.63 ; 478.69 ; 476.32 ; 442.40 ; 437.36 
SANTANDER;CIMITARRA;SAINT AUBIN INTERNATIONAL SAS;LILIA-ANGIE UNIFICADO;OPÓN; 18.92 ; 19.78 ; 21.76 ; 21.12 ; 19.36 ; 17.81 ; 15.57 ; 15.07 ; 14.58 ; 13.80 
SANTANDER;SAN VICENTE DE CHUCURI;ECOPETROL S.A.;LISAMA;LISAMA-NUTRIA; 676.40 ; 620.01 ; 623.95 ; 643.90 ; 787.16 ; 777.03 ; 722.09 ; 691.85 ; 667.75 ; 705.34 
SANTANDER;BARRANCABERMEJA;ECOPETROL S.A.;LLANITO UNIFICADO;MAGDALENA MEDIO-YARIGUI-CANTAGALLO; 5,019.83 ; 5,115.93 ; 4,969.30 ; 4,979.81 ; 4,761.23 ; 4,880.08 ; 4,825.80 ; 4,808.51 ; 4,808.69 ; 4,690.53 
META;PUERTO LOPEZ;ANDES OPERATING COMPANY LLC SUCURSAL COLOMBIA;LLANOS-58-4;LLA 58; 289.69 ; 287.10 ; 283.32 ; 276.73 ; 260.17 ; 265.00 ; 257.22 ; 239.94 ; 209.53 ; 193.05 
HUILA;VILLAVIEJA;ECOPETROL S.A.;LOMA LARGA;PIJAO-POTRERILLO; 352.22 ; 348.95 ; 245.12 ; 348.05 ; 338.76 ; 332.82 ; 340.85 ; 336.40 ; 326.53 ; 345.89 
META;GUAMAL;ECOPETROL S.A.;Lorito;CPO 9; 1,135.54 ; 1,235.97 ; 771.97 ; 567.25 ; 946.87 ; 1,352.66 ; 1,194.82 ; 1,421.03 ; 1,373.77 ; 1,165.12 
PUTUMAYO;SAN MIGUEL;ECOPETROL S.A.;LORO;AREA SUR; 94.06 ; 104.87 ; 98.07 ; 87.60 ; 85.17 ; 90.80 ; 76.57 ; 87.99 ; 92.16 ; 79.21 
PUTUMAYO;VALLE DEL GUAMUEZ;ECOPETROL S.A.;LORO;AREA SUR; 162.52 ; 164.14 ; 167.67 ; 152.64 ; 111.41 ; 119.87 ; 110.25 ; 113.96 ; 121.02 ; 113.85 
CASANARE;TRINIDAD;LEWIS ENERGY COLOMBIA INC;LOS ACEITES;GUACHIRÍA; 27.57 ; 25.08 ; 24.03 ; 10.75 ; - ; - ; - ; - ; - ; - 
CESAR;RIO DE ORO;GRAN TIERRA ENERGY COLOMBIA GMBH SUCURSAL COLOMBIA;LOS ANGELES;TISQUIRAMA B; 367.97 ; 341.00 ; 312.34 ; 326.86 ; 290.66 ; 274.51 ; 277.17 ; 257.54 ; 227.22 ; 220.18 
CASANARE;MANI;COLOMBIA ENERGY DEVELOPMENT CO;LOS HATOS;LOS HATOS; 28.26 ; 34.18 ; 35.53 ; 35.85 ; 28.14 ; 32.02 ; 27.15 ; 30.47 ; 32.68 ; 33.11 
CASANARE;YOPAL;EMERALD ENERGY PLC SUCURSAL COLOMBIA;LOS POTROS;CAMPO RICO; 128.74 ; 117.11 ; 136.37 ; 141.36 ; 70.71 ; 60.45 ; 62.66 ; 92.82 ; 117.01 ; 107.83 
ARAUCA;ARAUCA;SIERRACOL ENERGY ARAUCA LLC;MACANA;CHIPIRÓN; 77.30 ; 77.68 ; 65.74 ; 21.27 ; 76.88 ; 62.38 ; 66.11 ; 81.32 ; 79.38 ; 77.62 
CORDOBA;PUEBLO NUEVO;CLEANENERGY RESOURCES S.A.S.;MAGICO EXPLORATORIO;SN 9; - ; - ; - ; 0.10 ; 0.08 ; 0.17 ; 0.23 ; 0.32 ; 0.29 ; 0.07 
SUCRE;OVEJAS;HOCOL S.A.;MAMEY;SAMAN; 15.85 ; 14.95 ; 15.49 ; 17.69 ; 13.33 ; 13.72 ; 11.10 ; 12.63 ; 11.01 ; 10.63 
TOLIMA;PIEDRAS;INTEROIL COLOMBIA EXPLORATION AND PRODUCTION;MANÁ;MANÁ; 198.36 ; 215.06 ; 256.09 ; 285.97 ; 282.17 ; 275.17 ; 249.99 ; 245.28 ; 243.20 ; 224.43 
PUTUMAYO;PUERTO CAICEDO;ECOPETROL S.A.;MANSOYA;NORORIENTE; 150.96 ; 159.51 ; 150.87 ; 150.04 ; 23.75 ; - ; - ; - ; - ; - 
CASANARE;MANI;FRONTERA ENERGY COLOMBIA CORP., SUCURSAL COLOMBIA;MANTIS;CASIMENA; 381.93 ; 314.15 ; 302.37 ; 491.01 ; 504.82 ; 506.78 ; 486.06 ; 500.44 ; 498.87 ; 494.69 
CAUCA;PIAMONTE;GRAN TIERRA ENERGY COLOMBIA GMBH SUCURSAL COLOMBIA;MARY;SANTANA; 98.06 ; 94.15 ; 15.45 ; 31.41 ; 90.29 ; 78.51 ; 70.24 ; 102.13 ; 67.12 ; 88.00 
TOLIMA;PURIFICACIÓN;HOCOL S.A.;MATACHÍN NORTE;ESPINAL; 901.14 ; 869.47 ; 834.50 ; 742.49 ; 724.11 ; 747.42 ; 785.46 ; 837.37 ; 804.51 ; 768.39 
TOLIMA;PRADO;HOCOL S.A.;MATACHÍN SUR;ESPINAL; 37.41 ; 25.72 ; 11.10 ; 15.40 ; 18.74 ; 19.35 ; 22.14 ; 24.80 ; 23.14 ; 22.44 
TOLIMA;PURIFICACIÓN;HOCOL S.A.;MATACHÍN SUR;ESPINAL; 54.30 ; 46.26 ; 47.76 ; 49.04 ; 48.48 ; 53.29 ; 57.80 ; 59.52 ; 61.94 ; 62.73 
CASANARE;OROCUE;FRONTERA ENERGY COLOMBIA CORP., SUCURSAL COLOMBIA;MATEMARRANO;CRAVOVIEJO; 17.10 ; 16.94 ; - ; - ; - ; - ; - ; - ; - ; - 
CASANARE;OROCUE;SAN AGUSTIN ENERGY CORP SUCURSAL COLOMBIA;MAURITÍA ESTE;MORICHE; 48.00 ; 44.36 ; 42.87 ; 50.69 ; 41.24 ; 45.82 ; 38.59 ; 37.99 ; 39.92 ; 39.29 
CASANARE;OROCUE;SAN AGUSTIN ENERGY CORP SUCURSAL COLOMBIA;MAURITÍA NORTE;MORICHE; 515.05 ; 519.08 ; 449.71 ; 385.30 ; 483.56 ; 386.14 ; 479.61 ; 475.80 ; 455.60 ; 457.31 
META;PUERTO GAITAN;TECPETROL COLOMBIA SAS;MAUTE;CPO 13; 263.15 ; 70.97 ; - ; - ; - ; - ; - ; - ; - ; - 
CASANARE;TAURAMENA;GEOPARK COLOMBIA S.A.S.;MAX ;LLA 34; 224.79 ; 224.47 ; 207.68 ; 202.41 ; 202.89 ; 143.93 ; - ; - ; - ; - 
BOYACA;SAN LUIS DE GACENO;NIKOIL ENERGY CORP;MEDINA;CÓNDOR; - ; - ; - ; - ; 0.10 ; - ; - ; - ; - ; - 
PUTUMAYO;VILLAGARZON;EMERALD ENERGY PLC SUCURSAL COLOMBIA;MIRTO - AGAPANTO UNIFICADO;MARANTA; 487.03 ; 472.17 ; 379.65 ; 368.62 ; 419.73 ; 434.93 ; 333.58 ; 393.38 ; 402.98 ; 388.71 
CESAR;AGUACHICA;GRAN TIERRA OPERATIONS COLOMBIA GMBH SUCURSAL;MONO ARAÑA;VMM 2; 180.94 ; 180.32 ; 171.16 ; 139.13 ; 139.36 ; 138.46 ; 137.04 ; 134.78 ; 134.80 ; 134.05 
PUTUMAYO;MOCOA;GRAN TIERRA ENERGY COLOMBIA GMBH SUCURSAL COLOMBIA;MOQUETA;CHAZA; 1,439.50 ; 1,340.51 ; 1,349.02 ; 1,288.13 ; 1,184.39 ; 989.87 ; 88.33 ; - ; 8.33 ; 740.17 
BOYACA;PUERTO BOYACA;ECOPETROL S.A.;MORICHE;NARE; 6,045.89 ; 6,130.40 ; 5,891.60 ; 6,005.89 ; 6,140.65 ; 6,013.75 ; 6,029.38 ; 6,032.78 ; 5,963.97 ; 5,774.89 
ARAUCA;ARAUQUITA;SIERRACOL ENERGY ARAUCA LLC;MORROCOY;COSECHA; 207.13 ; 253.50 ; 200.24 ; 59.46 ; 152.46 ; 155.32 ; 131.79 ; 135.72 ; 114.43 ; 105.02 
CASANARE;TAURAMENA;PAREX RESOURCES COLOMBIA LTD. SUCURSAL;NAMERO;LLA 74; - ; - ; - ; - ; - ; - ; - ; - ; 1,174.77 ; 4,116.11 
PUTUMAYO;ORITO;GRAN TIERRA ENERGY COLOMBIA GMBH SUCURSAL COLOMBIA;NANCY;NANCY-BURDINE-MAXINE; 151.62 ; 112.67 ; 90.80 ; 44.25 ; - ; 15.38 ; - ; - ; - ; - 
ANTIOQUIA;PUERTO NARE;ECOPETROL S.A.;NARE SUR;NARE; 272.76 ; 261.59 ; 245.33 ; 233.05 ; 221.97 ; 205.80 ; 204.09 ; 144.37 ; - ; - 
ANTIOQUIA;PUERTO NARE;ECOPETROL S.A.;NARE UNIFICADO;NARE; - ; - ; - ; - ; - ; - ; - ; 143.36 ; 640.06 ; 686.45 
BOYACA;PUERTO BOYACA;ECOPETROL S.A.;NARE UNIFICADO;NARE; - ; - ; - ; - ; - ; - ; - ; 1,587.37 ; 7,061.41 ; 6,974.17 
CASANARE;OROCUE;OIRU CORPORATION;NASHIRA NORTE;NASHIRA; 330.22 ; 315.44 ; 318.13 ; 270.07 ; 327.71 ; 219.45 ; 300.74 ; 240.82 ; 259.86 ; 257.68 
SANTANDER;SAN VICENTE DE CHUCURI;ECOPETROL S.A.;NUTRIA;LISAMA-NUTRIA; 793.68 ; 775.88 ; 698.96 ; 756.08 ; 730.44 ; 791.44 ; 791.26 ; 677.29 ; 717.40 ; 837.73 
META;PUERTO GAITAN;HOCOL S.A.;OCELOTE;GUARROJO; 6,402.07 ; 6,348.01 ; 6,321.91 ; 6,287.26 ; 6,153.17 ; 5,998.72 ; 5,917.24 ; 6,001.98 ; 5,776.02 ; 5,792.03 
CASANARE;HATO COROZAL;GREEN POWER SUCURSAL COLOMBIA;OJO DE TIGRE;JOROPO; 17.57 ; 11.08 ; - ; - ; - ; - ; - ; - ; - ; - 
CASANARE;PAZ DE ARIPORO;SUELOPETROL, C.A. SUCURSAL COLOMBIA;OMI;LLA 61; 89.55 ; 90.02 ; 90.23 ; 89.81 ; 88.23 ; 88.97 ; 90.16 ; 90.29 ; 90.06 ; 90.06 
SANTANDER;CIMITARRA;SAINT AUBIN INTERNATIONAL SAS;OPÓN;OPÓN; 0.65 ; - ; - ; 2.02 ; 5.91 ; 0.55 ; 3.33 ; 5.40 ; 4.53 ; 2.93 
PUTUMAYO;ORITO;ECOPETROL S.A.;ORITO;ORITO; 1,444.21 ; 1,635.71 ; 1,739.01 ; 1,579.87 ; 1,529.31 ; 1,556.13 ; 1,521.16 ; 1,520.07 ; 1,635.97 ; 1,564.22 
CASANARE;OROCUE;PERENCO COLOMBIA LIMITED;OROPÉNDOLA;OROPENDOLA; 222.75 ; 233.09 ; 212.67 ; 215.94 ; 222.10 ; 221.90 ; 217.56 ; 221.55 ; 221.29 ; 220.99 
TOLIMA;ORTEGA;HOCOL S.A.;ORTEGA;ORTEGA; 164.34 ; 161.17 ; 159.85 ; 159.96 ; 158.19 ; 157.15 ; 151.33 ; 100.63 ; 171.88 ; 167.50 
CESAR;AGUACHICA;ARROW EXPLORATION  SUCURSAL COLOMBIA;OSO PARDO;SANTA ISABEL; 66.13 ; 160.23 ; 156.38 ; 142.42 ; 139.02 ; 111.86 ; 106.99 ; 104.10 ; 98.86 ; 95.69 
TOLIMA;ORTEGA;HOCOL S.A.;PACANDE;ORTEGA; 27.52 ; 24.70 ; 25.34 ; 24.21 ; 24.58 ; 24.78 ; 23.31 ; 24.25 ; 26.42 ; 26.05 
TOLIMA;SAN LUIS;HOCOL S.A.;PACANDE;ORTEGA; 58.62 ; 57.66 ; 57.23 ; 55.29 ; 55.31 ; 55.03 ; 54.41 ; 51.85 ; 51.11 ; 52.09 
META;ACACIAS;ECOPETROL S.A.;PACHAQUIARO;APIAY; 886.54 ; 796.41 ; 545.32 ; 482.33 ; 476.59 ; 466.92 ; 466.54 ; 467.76 ; 448.27 ; 820.90 
BOYACA;PUERTO BOYACA;ECOPETROL S.A.;PALAGUA;PALAGUA; 7,745.41 ; 7,659.70 ; 7,554.68 ; 7,499.44 ; 7,431.34 ; 7,237.79 ; 7,519.66 ; 7,410.52 ; 7,407.90 ; 7,459.69 
HUILA;PALERMO;ECOPETROL S.A.;PALERMO - SANTA CLARA UNIFICADO;SANTA CLARA; 450.24 ; 428.26 ; 407.15 ; 384.14 ; 440.14 ; 480.05 ; 468.44 ; 459.80 ; 490.53 ; 407.80 
CASANARE;TRINIDAD;PERENCO COLOMBIA LIMITED;PALMARITO;GARCERO; 155.07 ; 146.37 ; 151.98 ; 148.77 ; 147.06 ; 133.45 ; 139.12 ; 80.98 ; 138.93 ; 134.60 
CASANARE;SAN LUIS DE PALENQUE;COLOMBIA ENERGY DEVELOPMENT CO;PANTRO;LLA 23; 2.75 ; 1.16 ; 1.78 ; 0.96 ; 2.61 ; 1.36 ; 2.82 ; 2.95 ; 2.88 ; 1.34 
CASANARE;OROCUE;PERENCO COLOMBIA LIMITED;PARAVARE;GARCERO; 523.38 ; 529.20 ; 435.30 ; 417.31 ; 433.92 ; 425.48 ; 392.14 ; 319.10 ; 351.37 ; 365.26 
CASANARE;YOPAL;ECOPETROL S.A.;PAUTO SUR;PIEDEMONTE; 13,675.81 ; 13,608.53 ; 13,349.24 ; 12,971.89 ; 12,824.48 ; 12,450.66 ; 12,480.35 ; 11,910.66 ; 11,697.81 ; 12,592.41 
CASANARE;YOPAL;ECOPETROL S.A.;PAUTO SUR RECETOR;RECETOR; 317.98 ; 331.95 ; 337.17 ; 344.38 ; 321.45 ; 316.20 ; 305.69 ; 293.39 ; 305.63 ; 294.75 
SANTANDER;SABANA DE TORRES;PETROSANTANDER COLOMBIA  GMBH;PAYOA;CARARE LAS MONAS; 438.61 ; 427.72 ; 430.32 ; 447.65 ; 435.76 ; 371.22 ; 391.38 ; 398.53 ; 405.27 ; 397.82 
SANTANDER;SABANA DE TORRES;PETROSANTANDER COLOMBIA  GMBH;PAYOA WEST;CARARE LAS MONAS; 4.97 ; 4.80 ; 4.14 ; 4.65 ; 5.43 ; 5.26 ; 3.93 ; 4.59 ; 5.45 ; 4.72 
META;PUERTO GAITAN;COLOMBIA ENERGY DEVELOPMENT CO;PEGUITA;CARACARA; 1,108.80 ; 1,208.78 ; 1,214.72 ; 1,325.54 ; 1,332.89 ; 1,358.79 ; 1,286.03 ; 1,286.16 ; 1,272.63 ; 1,233.74 
META;PUERTO GAITAN;COLOMBIA ENERGY DEVELOPMENT CO;PEGUITA II;CARACARA; 449.80 ; 439.54 ; 417.31 ; 422.19 ; 426.16 ; 415.70 ; 423.08 ; 441.32 ; 431.80 ; 406.29 
META;PUERTO GAITAN;COLOMBIA ENERGY DEVELOPMENT CO;PEGUITA III;CARACARA; 454.37 ; 467.05 ; 437.58 ; 389.73 ; 367.92 ; 338.64 ; 318.39 ; 323.99 ; 308.09 ; 256.34 
META;PUERTO GAITAN;COLOMBIA ENERGY DEVELOPMENT CO;PEGUITA SW;CARACARA; 562.45 ; 546.22 ; 520.85 ; 524.98 ; 486.39 ; 492.98 ; 502.35 ; 488.56 ; 481.01 ; 494.82 
META;PUERTO GAITAN;TECPETROL COLOMBIA SAS;PENDARE ;CPO 13; 4,974.05 ; 5,279.81 ; 4,390.50 ; 4,848.86 ; 4,805.16 ; 4,395.78 ; 4,114.36 ; 4,063.41 ; 4,240.45 ; 4,355.25 
META;PUERTO GAITAN;TECPETROL COLOMBIA SAS;Pendare Norte;CPO 13; 4,442.53 ; 4,139.80 ; 3,622.47 ; 3,713.41 ; 3,787.19 ; 4,033.71 ; 3,775.12 ; 3,967.81 ; 3,900.20 ; 3,342.43 
ANTIOQUIA;YONDO;ECOPETROL S.A.;PEÑAS BLANCAS;MAGDALENA MEDIO-CASABE; 1,443.59 ; 1,478.37 ; 1,471.60 ; 1,411.17 ; 1,458.17 ; 1,401.84 ; 1,382.96 ; 1,333.19 ; 1,186.79 ; 1,321.05 
CASANARE;SAN LUIS DE PALENQUE;FRONTERA ENERGY COLOMBIA CORP., SUCURSAL COLOMBIA;PETIRROJO UNIFICADO;CUBIRO; 37.16 ; 37.20 ; 32.82 ; - ; - ; - ; - ; - ; - ; - 
META;PUERTO GAITAN;HOCOL S.A.;PINTADO;GUARROJO; 681.53 ; 682.68 ; 667.60 ; 651.18 ; 703.65 ; 648.53 ; 686.78 ; 611.55 ; 583.18 ; 585.18 
CASANARE;OROCUE;PERENCO COLOMBIA LIMITED;PIRITO;GARCERO; 31.60 ; 30.88 ; 25.33 ; 25.50 ; 21.13 ; 20.35 ; 8.97 ; 14.91 ; 17.60 ; 19.63 
CASANARE;MANI;FRONTERA ENERGY COLOMBIA CORP., SUCURSAL COLOMBIA;PISINGO;CASIMENA; 260.78 ; 254.94 ; 256.70 ; 98.40 ; 261.77 ; 260.34 ; 260.00 ; 259.82 ; 259.17 ; 257.62 
PUTUMAYO;PUERTO ASIS;AMERISUR EXPLORACION COLOMBIA LIMITADA;PLATANILLO;PLATANILLO; 267.01 ; - ; - ; - ; - ; 14.77 ; - ; - ; - ; 87.35 
META;VILLAVICENCIO;ECOPETROL S.A.;POMPEYA;APIAY; 45.52 ; 46.16 ; 75.48 ; 46.24 ; 73.38 ; 73.25 ; 52.06 ; 26.20 ; 13.63 ; 8.51 
CASANARE;PAZ DE ARIPORO;SUELOPETROL, C.A. SUCURSAL COLOMBIA;PROGRE3;LLA 61; - ; - ; 30.65 ; 13.88 ; - ; 37.70 ; 69.58 ; 70.31 ; 70.06 ; 70.14 
SANTANDER;SABANA DE TORRES;ECOPETROL S.A.;PROVINCIA;PROVINCIA P SUR; 1,815.78 ; 1,755.31 ; 1,800.11 ; 1,702.69 ; 1,673.15 ; 1,776.43 ; 2,012.23 ; 1,990.42 ; 2,071.59 ; 1,692.69 
CASANARE;SAN LUIS DE PALENQUE;COLOMBIA ENERGY DEVELOPMENT CO;Pumara;LLA 23; 374.05 ; 365.42 ; 342.07 ; 340.86 ; 343.39 ; 336.97 ; 330.55 ; 336.37 ; 350.93 ; 335.95 
META;PUERTO GAITAN;FRONTERA ENERGY COLOMBIA CORP., SUCURSAL COLOMBIA;QUIFA;QUIFA; 24,545.46 ; 24,854.61 ; 25,149.55 ; 25,199.25 ; 25,865.44 ; 25,576.39 ; 25,757.43 ; 25,225.67 ; 25,103.47 ; 25,247.04 
PUTUMAYO;PUERTO ASIS;GRAN TIERRA ENERGY COLOMBIA GMBH SUCURSAL COLOMBIA;QUILLACINGA;SURORIENTE; 582.90 ; 566.87 ; 589.50 ; - ; - ; - ; - ; - ; - ; - 
PUTUMAYO;PUERTO ASIS;GRAN TIERRA OPERATIONS COLOMBIA GMBH SUCURSAL;QUILLACINGA;SURORIENTE; - ; - ; - ; 543.12 ; 531.95 ; 549.15 ; 265.98 ; 477.64 ; 499.08 ; 486.52 
PUTUMAYO;PUERTO ASIS;GRAN TIERRA ENERGY COLOMBIA GMBH SUCURSAL COLOMBIA;QUINDE;SURORIENTE; 354.17 ; 241.99 ; 192.46 ; - ; - ; - ; - ; - ; - ; - 
PUTUMAYO;PUERTO ASIS;GRAN TIERRA OPERATIONS COLOMBIA GMBH SUCURSAL;QUINDE;SURORIENTE; - ; - ; - ; 114.98 ; 53.72 ; 18.25 ; 26.00 ; 11.05 ; 3.31 ; 6.87 
PUTUMAYO;ORITO;ECOPETROL S.A.;QURIYANA;AREA OCCIDENTAL; 503.95 ; 455.10 ; 445.12 ; 422.95 ; 390.81 ; 476.28 ; 503.23 ; 458.93 ; 455.53 ; 441.88 
CASANARE;AGUAZUL;COLOMBIA ENERGY DEVELOPMENT CO;RAMIRIQUI;LLA 22; 266.79 ; 262.60 ; 261.06 ; 258.98 ; 270.57 ; 280.35 ; 276.13 ; 268.91 ; 263.63 ; 259.23 
CASANARE;OROCUE;CANACOL ENERGY COLOMBIA SAS;RANCHO HERMOSO;RANCHO HERMOSO; 647.81 ; 638.41 ; 638.25 ; 643.19 ; 631.08 ; 603.69 ; 597.53 ; 593.83 ; 572.81 ; 526.64 
CASANARE;YOPAL;CANACOL ENERGY COLOMBIA SAS;RANCHO HERMOSO;RANCHO HERMOSO; 901.89 ; 943.63 ; 1,270.43 ; 1,315.49 ; 1,254.28 ; 1,212.44 ; 1,249.83 ; 1,268.63 ; 1,233.68 ; 1,197.90 
META;PUERTO GAITAN;COLOMBIA ENERGY DEVELOPMENT CO;RANCHO QUEMADO;CARACARA; 68.66 ; 61.96 ; 65.94 ; 63.62 ; 59.50 ; 62.60 ; 67.98 ; 64.72 ; 68.57 ; 68.01 
CASANARE;AGUAZUL;ECOPETROL S.A.;RECETOR WEST;RECETOR; 207.80 ; 197.57 ; 190.42 ; 201.62 ; 183.76 ; 209.11 ; 200.29 ; 175.15 ; 169.88 ; 195.36 
ARAUCA;ARAUQUITA;SIERRACOL ENERGY ARAUCA LLC;REDONDO;CRAVO NORTE; 1,399.21 ; 1,411.57 ; 1,184.51 ; 392.63 ; 1,247.61 ; 904.98 ; 1,112.12 ; 1,257.86 ; 1,292.40 ; 1,228.05 
ARAUCA;ARAUQUITA;SIERRACOL ENERGY ARAUCA LLC;REDONDO ESTE;CRAVO NORTE; 16.48 ; 15.82 ; 12.94 ; 4.31 ; 15.91 ; 9.83 ; 4.27 ; - ; - ; - 
CASANARE;SAN LUIS DE PALENQUE;PERENCO COLOMBIA LIMITED;REMACHE NORTE;COROCORA; 409.08 ; 411.68 ; 388.67 ; 411.20 ; 405.55 ; 387.83 ; 360.80 ; 207.60 ; 257.84 ; 294.41 
CASANARE;SAN LUIS DE PALENQUE;PERENCO COLOMBIA LIMITED;REMACHE SUR;COROCORA; 164.25 ; 161.94 ; 151.28 ; 151.14 ; 159.91 ; 154.79 ; 144.09 ; 134.71 ; 136.54 ; 132.30 
ARAUCA;ARAUQUITA;SIERRACOL ENERGY ARAUCA LLC;REX;COSECHA; 230.82 ; 171.39 ; 140.72 ; 75.18 ; 162.37 ; 101.81 ; 74.65 ; 96.56 ; 105.59 ; 88.39 
ARAUCA;ARAUCA;SIERRACOL ENERGY ARAUCA LLC;REX NE;COSECHA; 13,195.77 ; 11,635.68 ; 10,849.90 ; 5,786.04 ; 10,812.32 ; 9,536.50 ; 9,429.06 ; 8,778.51 ; 7,220.72 ; 7,587.50 
ARAUCA;ARAUQUITA;SIERRACOL ENERGY ARAUCA LLC;REX NE;COSECHA; 6,025.97 ; 5,845.09 ; 4,947.59 ; 2,624.85 ; 4,231.32 ; 3,891.66 ; 4,301.48 ; 4,230.84 ; 4,566.17 ; 4,280.76 
CASANARE;OROCUE;PETROLEOS COLOMBIANOS SA;RIO CRAVO ESTE;TAPIR; 2,398.54 ; 2,233.40 ; 2,075.08 ; 2,005.80 ; 1,972.87 ; 1,996.68 ; 2,164.86 ; 2,101.72 ; 2,122.22 ; 2,056.90 
TOLIMA;PIEDRAS;INTEROIL COLOMBIA EXPLORATION AND PRODUCTION;RÍO OPIA;RÍO OPIA; 23.84 ; 23.37 ; 23.32 ; 23.23 ; 23.45 ; 24.98 ; 26.07 ; 24.25 ; 23.20 ; 22.56 
TOLIMA;CHAPARRAL;HOCOL S.A.;RÍO SALDAÑA;TOLIMA; 823.23 ; 743.47 ; 858.79 ; 838.04 ; 831.88 ; 829.03 ; 815.66 ; 817.02 ; 813.41 ; 816.61 
NORTE DE SANTANDER;CUCUTA;IBEROAMERICANA DE HIDROCARBUROS ENERGY COLOMBIA S.A.S;RIO ZULIA;RIO ZULIA; 385.22 ; 433.44 ; 443.72 ; 449.18 ; 432.74 ; 423.01 ; 429.24 ; 420.03 ; 422.29 ; 428.57 
PUTUMAYO;PUERTO ASIS;GRAN TIERRA OPERATIONS COLOMBIA GMBH SUCURSAL;ROSE;ALEA-1848-A; - ; - ; - ; - ; - ; - ; - ; - ; 0.27 ; - 
META;PUERTO GAITAN;ECOPETROL S.A.;RUBIALES;RUBIALES; 96,650.70 ; 88,957.44 ; 92,850.70 ; 84,068.43 ; 96,699.66 ; 97,391.73 ; 95,604.79 ; 97,031.73 ; 98,984.74 ; 93,603.69 
CASANARE;AGUAZUL;PAREX RESOURCES COLOMBIA LTD. SUCURSAL;RUMBA;LLA 26; 905.36 ; 855.24 ; 776.18 ; 672.87 ; 646.62 ; 400.56 ; 462.61 ; 741.08 ; 745.97 ; 659.37 
CASANARE;AGUAZUL;PAREX RESOURCES COLOMBIA LTD. SUCURSAL;RUMBA;LLA 26; 72.50 ; 70.35 ; 68.27 ; 54.66 ; 60.49 ; 58.82 ; 56.44 ; 47.06 ; - ; - 
META;PUERTO GAITAN;FRONTERA ENERGY COLOMBIA CORP., SUCURSAL COLOMBIA;SABANERO;SABANERO; 2,412.67 ; 2,301.00 ; 2,319.32 ; 2,295.32 ; 2,162.44 ; 2,110.19 ; 1,598.25 ; 1,969.14 ; 1,776.02 ; 1,683.17 
CASANARE;OROCUE;FRONTERA ENERGY COLOMBIA CORP., SUCURSAL COLOMBIA;SAIMIRÍ;CRAVOVIEJO; 65.52 ; 64.98 ; 66.39 ; 66.68 ; 65.59 ; 66.19 ; 66.98 ; 64.85 ; 66.99 ; 66.30 
SANTANDER;SABANA DE TORRES;PETROSANTANDER COLOMBIA  GMBH;SALINA;CARARE LAS MONAS; 851.63 ; 870.88 ; 845.20 ; 818.37 ; 820.89 ; 847.87 ; 833.65 ; 856.06 ; 849.23 ; 831.78 
META;BARRANCA DE UPIA;GEOPARK COLOMBIA S.A.S.;SALTADOR;LLA 123; 1,578.35 ; 1,892.48 ; 1,760.05 ; 1,684.96 ; 1,768.76 ; 1,857.69 ; 1,821.04 ; 1,600.84 ; 1,676.20 ; 1,886.32 
PUTUMAYO;ORITO;ECOPETROL S.A.;SAN ANTONIO;AREA OCCIDENTAL; 48.72 ; 35.58 ; 41.78 ; 40.40 ; 47.63 ; 37.25 ; 34.82 ; 35.22 ; 5.90 ; - 
HUILA;NEIVA;ECOPETROL S.A.;SAN FRANCISCO;PALERMO; 1,633.33 ; 1,594.58 ; 1,604.35 ; 1,645.31 ; 1,717.10 ; 1,625.26 ; 1,800.75 ; 1,740.25 ; 1,749.89 ; 1,681.47 
HUILA;PALERMO;ECOPETROL S.A.;SAN FRANCISCO;PALERMO; 1,379.67 ; 1,362.83 ; 1,362.69 ; 1,270.00 ; 1,305.63 ; 1,325.91 ; 1,323.18 ; 1,288.78 ; 1,278.73 ; 1,266.04 
CESAR;SAN MARTÍN;ECOPETROL S.A.;SAN ROQUE;TISQUIRAMA-C; 1,351.89 ; 1,405.49 ; 1,432.73 ; 1,360.45 ; 1,389.18 ; 1,365.94 ; 1,324.64 ; 1,279.37 ; 1,218.03 ; 1,189.55 
CESAR;SAN ALBERTO;GRAN TIERRA ENERGY COLOMBIA GMBH SUCURSAL COLOMBIA;SANTA LUCÍA;TISQUIRAMA-A; 149.17 ; 140.29 ; 141.39 ; 139.10 ; 138.18 ; 135.00 ; 136.54 ; 134.46 ; 133.22 ; 129.28 
CASANARE;MANI;HOCOL S.A.;SANTIAGO;UPIA; 379.89 ; 411.80 ; 411.99 ; 380.15 ; 373.50 ; 373.23 ; 370.88 ; 369.39 ; 370.63 ; 377.69 
CASANARE;OROCUE;HOCOL S.A.;SANTO DOMINGO UNIFICADO;LA PUNTA; 159.56 ; 283.86 ; 311.55 ; 297.06 ; 378.24 ; 375.49 ; 419.43 ; 423.60 ; 439.63 ; 459.82 
CASANARE;OROCUE;PERENCO COLOMBIA LIMITED;SARDINAS;GARCERO; 411.98 ; 400.22 ; 391.07 ; 405.68 ; 413.42 ; 392.93 ; 413.16 ; 398.93 ; 406.05 ; 415.41 
NORTE DE SANTANDER;TIBU;ECOPETROL S.A.;SARDINATA;TIBU; 111.71 ; 108.96 ; 125.53 ; 114.24 ; 118.13 ; 103.13 ; 93.91 ; 99.66 ; 105.34 ; 81.28 
META;VILLAVICENCIO;ECOPETROL S.A.;SAURIO;APIAY; 287.65 ; 290.46 ; 378.59 ; 312.66 ; 147.39 ; 381.84 ; 429.47 ; 439.54 ; 341.82 ; 173.72 
PUTUMAYO;ORITO;ECOPETROL S.A.;SUCIO;AREA OCCIDENTAL; 81.47 ; 80.78 ; 75.28 ; 71.60 ; 75.82 ; 71.86 ; 79.41 ; 74.80 ; 73.58 ; 65.73 
META;VILLAVICENCIO;ECOPETROL S.A.;SURIA;APIAY; 3,077.14 ; 3,099.46 ; 3,185.51 ; 3,194.07 ; 3,234.79 ; 3,482.27 ; 3,587.31 ; 3,396.77 ; 3,127.36 ; 3,108.97 
META;VILLAVICENCIO;ECOPETROL S.A.;SURIA SUR;APIAY; 915.07 ; 928.97 ; 902.19 ; 789.74 ; 591.00 ; 457.11 ; 581.86 ; 604.33 ; 674.16 ; 594.11 
CASANARE;TAURAMENA;GEOPARK COLOMBIA S.A.S.;TARO TARO;LLA 34; - ; - ; 0.55 ; - ; - ; - ; - ; - ; - ; - 
HUILA;NEIVA;ECOPETROL S.A.;TELLO;CAMPOS TELLO Y LA JAGUA; 3,216.56 ; 3,327.86 ; 3,291.66 ; 3,227.45 ; 3,215.40 ; 3,166.71 ; 3,224.99 ; 3,204.42 ; 2,970.09 ; 3,010.50 
HUILA;AIPE;ECOPETROL S.A.;TEMPRANILLO UNIFICADO;PIJAO-POTRERILLO; 310.14 ; 321.83 ; 314.71 ; 310.71 ; 322.29 ; 314.22 ; 316.05 ; 306.34 ; 301.50 ; 281.36 
HUILA;AIPE;ECOPETROL S.A.;TENAY;PIJAO-POTRERILLO; 104.37 ; 124.99 ; 147.84 ; 154.88 ; 156.89 ; 141.50 ; 103.25 ; 98.10 ; 70.32 ; - 
ARAUCA;ARAUQUITA;SIERRACOL ENERGY ARAUCA LLC;TERECAY;COSECHA; 492.28 ; 414.87 ; 435.44 ; 188.51 ; 458.52 ; 477.39 ; 530.96 ; 833.69 ; 2,365.16 ; 1,805.81 
ARAUCA;ARAUQUITA;SIERRACOL ENERGY ARAUCA LLC;TERECAY;COSECHA; 449.05 ; 580.14 ; 490.21 ; 150.63 ; 385.57 ; 297.88 ; 341.72 ; 957.59 ; 1,233.49 ; 1,031.04 
SANTANDER;SAN VICENTE DE CHUCURI;ECOPETROL S.A.;TESORO;LISAMA-NUTRIA; 227.76 ; 293.77 ; 406.11 ; 373.63 ; 334.81 ; 285.12 ; 303.42 ; 296.62 ; 300.48 ; 288.63 
NORTE DE SANTANDER;TIBU;ECOPETROL S.A.;TIBÚ;TIBU; 14.75 ; 17.97 ; - ; - ; - ; - ; - ; - ; - ; - 
NORTE DE SANTANDER;TIBU;ECOPETROL S.A.;TIBÚ;TIBU; 1,061.76 ; 972.99 ; 1,317.01 ; 1,317.93 ; 1,282.00 ; 1,171.88 ; 1,093.87 ; 1,219.64 ; 1,237.06 ; 1,205.97 
CASANARE;NUNCHIA;PERENCO COLOMBIA LIMITED;TIERRA BLANCA;CASANARE; - ; - ; 0.73 ; - ; - ; - ; - ; - ; - ; - 
CASANARE;TAURAMENA;GEOPARK COLOMBIA S.A.S.;TIGANA ;LLA 34; 15,639.78 ; 14,360.26 ; 14,510.71 ; 13,846.87 ; 14,040.24 ; 14,020.72 ; 14,121.84 ; 13,310.63 ; 13,227.04 ; 13,567.29 
CASANARE;VILLA NUEVA;GEOPARK COLOMBIA S.A.S.;TIGANA ;LLA 34; 2,787.84 ; 2,514.00 ; 2,645.24 ; 2,407.16 ; 2,036.91 ; 2,147.96 ; 2,061.22 ; 2,052.23 ; 2,093.54 ; 2,325.97 
CASANARE;TAURAMENA;GEOPARK COLOMBIA S.A.S.;TILO;LLA 34; 232.66 ; 226.06 ; 224.38 ; 190.26 ; 442.31 ; 637.98 ; 673.36 ; 634.63 ; 569.29 ; 560.00 
CASANARE;YOPAL;COLOMBIA ENERGY DEVELOPMENT CO;TILODIRÁN;RIO VERDE; 809.95 ; 877.07 ; 889.61 ; 992.94 ; 942.65 ; 903.04 ; 869.95 ; 774.85 ; 716.79 ; 787.64 
META;CASTILLA NUEVA;ECOPETROL S.A.;TINAMU;CPO 9; 800.12 ; 772.16 ; 420.64 ; 460.42 ; 446.21 ; 453.83 ; 468.87 ; 459.79 ; 462.79 ; 460.50 
CESAR;SAN MARTÍN;ECOPETROL S.A.;TISQUIRAMA;TISQUIRAMA-C; 1,105.65 ; 1,023.09 ; 1,074.86 ; 1,229.02 ; 1,197.51 ; 1,157.93 ; 1,254.97 ; 1,223.60 ; 1,228.18 ; 1,053.33 
CASANARE;YOPAL;PERENCO COLOMBIA LIMITED;TOCARIA;CASANARE; 120.62 ; 122.69 ; 125.01 ; 123.01 ; 119.35 ; 118.48 ; 122.03 ; 118.57 ; 124.53 ; 120.75 
TOLIMA;ORTEGA;HOCOL S.A.;TOLDADO;TOLDADO; 245.80 ; 248.75 ; 245.95 ; 242.31 ; 246.40 ; 240.49 ; 251.83 ; 242.39 ; 249.38 ; 237.71 
TOLIMA;PIEDRAS;HOCOL S.A.;TOQUI TOQUI;PULI; 263.53 ; 249.45 ; 250.55 ; 242.04 ; 238.91 ; 243.72 ; 237.47 ; 227.72 ; 229.40 ; 228.42 
META;CABUYARO;GEOPARK COLOMBIA S.A.S.;TORITOS;LLA 123; 1,633.75 ; 1,491.07 ; 1,516.58 ; 2,031.33 ; 2,106.30 ; 2,602.42 ; 2,403.58 ; 2,162.67 ; 2,844.44 ; 3,063.75 
META;PUERTO GAITAN;COLOMBIA ENERGY DEVELOPMENT CO;TORO SENTADO;CARACARA; 253.71 ; 244.69 ; 243.78 ; 236.76 ; 225.01 ; 197.93 ; 178.14 ; 176.04 ; 185.10 ; 183.62 
META;PUERTO GAITAN;COLOMBIA ENERGY DEVELOPMENT CO;TORO SENTADO NORTE;CARACARA; 411.08 ; 410.20 ; 390.53 ; 397.39 ; 407.76 ; 410.07 ; 424.12 ; 412.41 ; 400.74 ; 389.07 
META;PUERTO GAITAN;COLOMBIA ENERGY DEVELOPMENT CO;TORO SENTADO WEST;CARACARA; 105.67 ; 104.52 ; 100.82 ; 100.94 ; 112.56 ; 106.36 ; 100.49 ; 94.04 ; 94.04 ; 93.85 
PUTUMAYO;MOCOA;GRAN TIERRA ENERGY COLOMBIA GMBH SUCURSAL COLOMBIA;TOROYACO;SANTANA; 176.34 ; 176.09 ; 165.42 ; 179.96 ; 143.53 ; 114.04 ; 139.14 ; 138.40 ; 127.14 ; 99.48 
TOLIMA;ALVARADO;HOCOL S.A.;TOTARE;ARMERO; 79.69 ; 78.95 ; 77.44 ; 77.94 ; 77.43 ; 76.30 ; 73.87 ; 71.95 ; 72.54 ; 72.10 
CASANARE;TAURAMENA;GEOPARK COLOMBIA S.A.S.;TUA;LLA 34; 1,733.12 ; 1,876.36 ; 1,691.06 ; 1,693.40 ; 1,730.74 ; 1,731.86 ; 1,720.17 ; 1,672.64 ; 1,536.06 ; 1,497.57 
CASANARE;TRINIDAD;MONTAJES JM S.A.;TULIPÁN;GUACHIRIA SUR; 124.34 ; 125.90 ; 126.93 ; 112.37 ; 102.03 ; 18.64 ; 22.95 ; 80.92 ; 84.68 ; 84.84 
BOYACA;PUERTO BOYACA;TPL COLOMBIA LTD - SUCURSAL COLOMBIA;TURPIAL;TURPIAL; 98.16 ; 95.66 ; 95.86 ; 93.69 ; 92.09 ; 89.04 ; 88.00 ; 91.04 ; 89.47 ; 90.77 
ANTIOQUIA;PUERTO NARE;ECOPETROL S.A.;UNDERRIVER;NARE; 492.24 ; 512.90 ; 508.66 ; 509.53 ; 465.54 ; 398.39 ; 414.43 ; 338.63 ; - ; - 
BOYACA;PUERTO BOYACA;ECOPETROL S.A.;UNDERRIVER;NARE; 764.01 ; 807.29 ; 770.63 ; 850.88 ; 848.33 ; 830.51 ; 829.31 ; 645.52 ; - ; - 
HUILA;NEIVA;ECOPETROL S.A.;UNIFICADO PALOGRANDE;PIJAO-POTRERILLO; 2,022.60 ; 1,979.08 ; 1,831.92 ; 1,940.87 ; 1,907.45 ; 1,869.52 ; 1,872.80 ; 1,879.87 ; 1,858.50 ; 1,822.46 
HUILA;NEIVA;ECOPETROL S.A.;Unificado Río Ceibas;CAGUAN; 558.76 ; 579.84 ; 524.73 ; 514.57 ; 518.41 ; 513.91 ; 450.54 ; 578.92 ; 574.32 ; 617.73 
META;PUERTO GAITAN;COLOMBIA ENERGY DEVELOPMENT CO;UNUMA;CARACARA; 15.15 ; 16.70 ; 13.70 ; 12.63 ; 20.66 ; 29.96 ; 28.85 ; 24.44 ; 25.38 ; 26.62 
META;PUERTO LOPEZ;IBEROAMERICANA DE HIDROCARBUROS ENERGY COLOMBIA S.A.S;VALDIVIA - ALMAGRO;VALDIVIA - ALMAGRO; 478.09 ; 470.30 ; 473.99 ; 468.93 ; 466.73 ; 468.26 ; 462.36 ; 460.25 ; 457.87 ; 457.55 
BOYACA;PUERTO BOYACA;MANSAROVAR ENERGY COLOMBIA LTD;VELASQUEZ;GUAGUAQUI - TERAN; 4,364.46 ; 4,086.70 ; 4,361.03 ; 4,905.34 ; 4,716.43 ; 4,543.08 ; 4,657.77 ; 4,993.49 ; 5,141.37 ; 5,161.58 
META;SAN MARTÍN;HUPECOL OPERATING CO LLC;VENUS;CPO 11; 330.14 ; 311.78 ; 240.79 ; 248.45 ; 248.64 ; 229.50 ; 2.37 ; 297.03 ; 310.53 ; 291.83 
CASANARE;YOPAL;EMERALD ENERGY PLC SUCURSAL COLOMBIA;VIGIA;CAMPO RICO; 242.09 ; 252.15 ; 256.71 ; 254.10 ; 256.74 ; 258.54 ; 248.78 ; 258.53 ; 258.01 ; 250.57 
CASANARE;MANI;EMERALD ENERGY PLC SUCURSAL COLOMBIA;VIGIA SUR;CAMPO RICO; 510.81 ; 536.73 ; 520.58 ; 290.30 ; 292.63 ; 295.03 ; 288.23 ; 500.21 ; 561.13 ; 587.18 
CASANARE;YOPAL;EMERALD ENERGY PLC SUCURSAL COLOMBIA;VIGIA SUR;CAMPO RICO; 227.31 ; 244.05 ; 260.95 ; 237.37 ; 240.81 ; 235.46 ; 210.87 ; 193.74 ; 142.32 ; 107.29 
CASANARE;OROCUE;INTEROIL COLOMBIA EXPLORATION AND PRODUCTION;VIKINGO;LLA 47; 195.58 ; 144.60 ; 141.38 ; 121.78 ; 89.14 ; 68.54 ; 171.53 ; 127.63 ; 115.23 ; 84.07 
CASANARE;SAN LUIS DE PALENQUE;PERENCO COLOMBIA LIMITED;VIREO;OROPENDOLA; 94.43 ; 95.25 ; 96.14 ; 80.03 ; 92.05 ; 92.46 ; 92.75 ; 92.22 ; 90.28 ; 89.91 
HUILA;YAGUARA;ECOPETROL S.A.;YAGUARA;HOBO; 1,288.61 ; 1,422.06 ; 1,391.14 ; 1,434.07 ; 1,540.20 ; 1,569.47 ; 1,588.05 ; 1,511.49 ; 1,541.02 ; 1,470.71 
CASANARE;VILLA NUEVA;PAREX RESOURCES COLOMBIA LTD. SUCURSAL;YAGUARUNDI;LLA 74; - ; - ; - ; - ; 238.53 ; 1,890.29 ; 2,673.64 ; 1,598.88 ; 1,722.01 ; 1,514.24 
CASANARE;PAZ DE ARIPORO;FRONTERA ENERGY COLOMBIA CORP., SUCURSAL COLOMBIA;YAGUAZO;ARRENDAJO; 463.05 ; 331.48 ; 368.72 ; 402.21 ; 451.88 ; 427.05 ; 396.37 ; 246.58 ; 281.97 ; 280.93 
CASANARE;PAZ DE ARIPORO;PERENCO OIL AND GAS COLOMBIA LIMITED.;YAMÚ;YAMU; 56.24 ; 57.48 ; 55.65 ; 54.39 ; 49.99 ; 53.86 ; 54.62 ; 40.04 ; 39.75 ; 51.59 
BOLIVAR;CANTAGALLO;ECOPETROL S.A.;YARIGUÍ-CANTAGALLO;MAGDALENA MEDIO-YARIGUI-CANTAGALLO; 10,511.98 ; 9,818.71 ; 10,791.75 ; 9,571.00 ; 9,554.01 ; 9,940.39 ; 9,499.02 ; 9,360.43 ; 9,595.50 ; 9,861.45 
SANTANDER;PUERTO WILCHES;ECOPETROL S.A.;YARIGUÍ-CANTAGALLO;MAGDALENA MEDIO-YARIGUI-CANTAGALLO; 3,003.52 ; 3,186.44 ; 1,745.58 ; 3,363.95 ; 3,168.53 ; 3,011.05 ; 2,974.31 ; 3,210.00 ; 3,387.09 ; 3,001.92 
META;CABUYARO;FRONTERA ENERGY COLOMBIA CORP., SUCURSAL COLOMBIA;YATAY;GUATIQUIA; 2,193.59 ; 2,120.78 ; 2,057.36 ; 1,990.81 ; 2,178.78 ; 2,106.83 ; 1,999.73 ; 1,979.60 ; 1,972.12 ; 2,037.87 
CASANARE;MANI;FRONTERA ENERGY COLOMBIA CORP., SUCURSAL COLOMBIA;YENAC;CASIMENA; 309.79 ; 307.20 ; 308.28 ; 305.14 ; 292.12 ; 282.38 ; 263.47 ; 267.52 ; 262.98 ; 258.00 
CESAR;SAN MARTÍN;GRAN TIERRA ENERGY COLOMBIA GMBH SUCURSAL COLOMBIA;ZOE;MIDAS; 0.48 ; - ; - ; - ; 0.38 ; - ; 0.36 ; - ; - ; 0.46 
CASANARE;OROCUE;FRONTERA ENERGY COLOMBIA CORP., SUCURSAL COLOMBIA;ZOPILOTE;CRAVOVIEJO; 677.12 ; 684.31 ; 684.10 ; 690.93 ; 699.66 ; 694.51 ; 697.79 ; 699.06 ; 693.69 ; 675.21 
CASANARE;VILLA NUEVA;GEOPARK COLOMBIA S.A.S.;ZORZAL;LLA 87; 499.96 ; 530.46 ; 471.38 ; 293.59 ; 321.95 ; 237.42 ; 239.04 ; 158.83 ; 184.68 ; 96.74 
 Total General ;;;;; 769,751 ; 755,600 ; 747,891 ; 714,229 ; 749,826 ; 744,239 ; 746,249 ; 750,144 ; 751,571 ; 736,270 
Fuente: ANH / Sistema Oficial de Liquidación y Administración de Regalías - SOLAR;;;;;;;;;;;;;;
